index,success,timeout,failed_images,failed_audio,failed_video,trial_type,trial_index,time_elapsed,internal_node_id,browser_name,browser_version,os_name,os_version,tablet,mobile,screen_resolution,window_resolution,subject,subject_url,subject_ProlificID,designmatrix_ID,age,nationality,gender,handedness,view_history,rt,responses,question_order,value,item_width_mm,item_height_mm,item_width_px,px2mm,view_dist_mm,item_width_deg,px2deg,scale_factor,win_width_deg,win_height_deg,stimulus,key_press,trial_number,block,block_type,image_id,filename,image_type,manipulation,phase,dot_position,Exp_part,trial_part,RawResponse,dot_resp,dot_acc,verbal_id,semantic_distance,verbal_acc_corrected
14,,,,,,html-keyboard-response,14,672960,0.0-11.0-5.0-1.0,Chrome,135.0,Windows,10,undefined,undefined,1440 x 900,1440 x 749,6fz8rddjb35ptka,https://exponline.ugr.es/publix/939/983/start?srid=18226,614d9ea7c87980229c834d21,18,24,Poland,Male,Right-handed,,2022.1999999999534,,,,,,,,,,,,,,"<div class=""InstrBx""><div class=""img-container""><img src=""stim/gargoyle_mooney_dot_on1.jpg"" style=""width: 500px; height: ""500px; transform: ; ""></img></div></div>",69,1,0,dot,gargoyle,gargoyle_mooney_dot_on1,catch,regular,pre,on,Exp,dot_recog,e,1,1,,,
18,,,,,,html-keyboard-response,18,675704,0.0-11.0-5.1-1.1,Chrome,135.0,Windows,10,undefined,undefined,1440 x 900,1440 x 749,6fz8rddjb35ptka,https://exponline.ugr.es/publix/939/983/start?srid=18226,614d9ea7c87980229c834d21,18,24,Poland,Male,Right-handed,,1738.3999999999069,,,,,,,,,,,,,,"<div class=""InstrBx""><div class=""img-container""><img src=""stim/puddle_mooney_dot_on1.jpg"" style=""width: 500px; height: ""500px; transform: ; ""></img></div></div>",73,2,0,dot,puddle,puddle_mooney_dot_on1,target,regular,pre,on,Exp,dot_recog,i,0,0,,,
22,,,,,,html-keyboard-response,22,677440,0.0-11.0-5.2-1.2,Chrome,135.0,Windows,10,undefined,undefined,1440 x 900,1440 x 749,6fz8rddjb35ptka,https://exponline.ugr.es/publix/939/983/start?srid=18226,614d9ea7c87980229c834d21,18,24,Poland,Male,Right-handed,,728.1000000000931,,,,,,,,,,,,,,"<div class=""InstrBx""><div class=""img-container""><img src=""stim/steak_mooney_dot_on3.jpg"" style=""width: 500px; height: ""500px; transform: ; ""></img></div></div>",73,3,0,dot,steak,steak_mooney_dot_on3,target,horizontal_flip,pre,on,Exp,dot_recog,i,0,0,,,
26,,,,,,html-keyboard-response,26,679280,0.0-11.0-5.3-1.3,Chrome,135.0,Windows,10,undefined,undefined,1440 x 900,1440 x 749,6fz8rddjb35ptka,https://exponline.ugr.es/publix/939/983/start?srid=18226,614d9ea7c87980229c834d21,18,24,Poland,Male,Right-handed,,834.6999999999534,,,,,,,,,,,,,,"<div class=""InstrBx""><div class=""img-container""><img src=""stim/punching_bag_mooney_dot_on3.jpg"" style=""width: 500px; height: ""500px; transform: scaleY(-1) ; ""></img></div></div>",69,4,0,dot,punching_bag,punching_bag_mooney_dot_on3,target,upside_down,pre,on,Exp,dot_recog,e,1,1,,,
30,,,,,,html-keyboard-response,30,680984,0.0-11.0-5.4-1.4,Chrome,135.0,Windows,10,undefined,undefined,1440 x 900,1440 x 749,6fz8rddjb35ptka,https://exponline.ugr.es/publix/939/983/start?srid=18226,614d9ea7c87980229c834d21,18,24,Poland,Male,Right-handed,,686.1999999999534,,,,,,,,,,,,,,"<div class=""InstrBx""><div class=""img-container""><img src=""stim/gargoyle_mooney_dot_off2.jpg"" style=""width: 500px; height: ""500px; transform: ; ""></img></div></div>",73,5,0,dot,gargoyle,gargoyle_mooney_dot_off2,catch,regular,pre,off,Exp,dot_recog,i,0,1,,,
34,,,,,,html-keyboard-response,34,682560,0.0-11.0-5.5-1.5,Chrome,135.0,Windows,10,undefined,undefined,1440 x 900,1440 x 749,6fz8rddjb35ptka,https://exponline.ugr.es/publix/939/983/start?srid=18226,614d9ea7c87980229c834d21,18,24,Poland,Male,Right-handed,,556.1000000000931,,,,,,,,,,,,,,"<div class=""InstrBx""><div class=""img-container""><img src=""stim/steak_mooney_dot_on1.jpg"" style=""width: 500px; height: ""500px; transform: ; ""></img></div></div>",73,6,0,dot,steak,steak_mooney_dot_on1,target,horizontal_flip,pre,on,Exp,dot_recog,i,0,0,,,
38,,,,,,html-keyboard-response,38,684240,0.0-11.0-5.6-1.6,Chrome,135.0,Windows,10,undefined,undefined,1440 x 900,1440 x 749,6fz8rddjb35ptka,https://exponline.ugr.es/publix/939/983/start?srid=18226,614d9ea7c87980229c834d21,18,24,Poland,Male,Right-handed,,676.5,,,,,,,,,,,,,,"<div class=""InstrBx""><div class=""img-container""><img src=""stim/punching_bag_mooney_dot_on1.jpg"" style=""width: 500px; height: ""500px; transform: scaleY(-1) ; ""></img></div></div>",73,7,0,dot,punching_bag,punching_bag_mooney_dot_on1,target,upside_down,pre,on,Exp,dot_recog,i,0,0,,,
42,,,,,,html-keyboard-response,42,685992,0.0-11.0-5.7-1.7,Chrome,135.0,Windows,10,undefined,undefined,1440 x 900,1440 x 749,6fz8rddjb35ptka,https://exponline.ugr.es/publix/939/983/start?srid=18226,614d9ea7c87980229c834d21,18,24,Poland,Male,Right-handed,,734.5,,,,,,,,,,,,,,"<div class=""InstrBx""><div class=""img-container""><img src=""stim/gargoyle_mooney_dot_on3.jpg"" style=""width: 500px; height: ""500px; transform: ; ""></img></div></div>",69,8,0,dot,gargoyle,gargoyle_mooney_dot_on3,catch,regular,pre,on,Exp,dot_recog,e,1,1,,,
46,,,,,,html-keyboard-response,46,688097,0.0-11.0-5.8-1.8,Chrome,135.0,Windows,10,undefined,undefined,1440 x 900,1440 x 749,6fz8rddjb35ptka,https://exponline.ugr.es/publix/939/983/start?srid=18226,614d9ea7c87980229c834d21,18,24,Poland,Male,Right-handed,,1098.8999999999069,,,,,,,,,,,,,,"<div class=""InstrBx""><div class=""img-container""><img src=""stim/steak_mooney_dot_off4.jpg"" style=""width: 500px; height: ""500px; transform: ; ""></img></div></div>",73,9,0,dot,steak,steak_mooney_dot_off4,target,horizontal_flip,pre,off,Exp,dot_recog,i,0,1,,,
50,,,,,,html-keyboard-response,50,689848,0.0-11.0-5.9-1.9,Chrome,135.0,Windows,10,undefined,undefined,1440 x 900,1440 x 749,6fz8rddjb35ptka,https://exponline.ugr.es/publix/939/983/start?srid=18226,614d9ea7c87980229c834d21,18,24,Poland,Male,Right-handed,,742.6000000000931,,,,,,,,,,,,,,"<div class=""InstrBx""><div class=""img-container""><img src=""stim/puddle_mooney_dot_off4.jpg"" style=""width: 500px; height: ""500px; transform: ; ""></img></div></div>",69,10,0,dot,puddle,puddle_mooney_dot_off4,target,regular,pre,off,Exp,dot_recog,e,1,0,,,
54,,,,,,html-keyboard-response,54,691568,0.0-11.0-5.10-1.10,Chrome,135.0,Windows,10,undefined,undefined,1440 x 900,1440 x 749,6fz8rddjb35ptka,https://exponline.ugr.es/publix/939/983/start?srid=18226,614d9ea7c87980229c834d21,18,24,Poland,Male,Right-handed,,713.1999999999534,,,,,,,,,,,,,,"<div class=""InstrBx""><div class=""img-container""><img src=""stim/punching_bag_mooney_dot_off4.jpg"" style=""width: 500px; height: ""500px; transform: scaleY(-1) ; ""></img></div></div>",69,11,0,dot,punching_bag,punching_bag_mooney_dot_off4,target,upside_down,pre,off,Exp,dot_recog,e,1,0,,,
58,,,,,,html-keyboard-response,58,693160,0.0-11.0-5.11-1.11,Chrome,135.0,Windows,10,undefined,undefined,1440 x 900,1440 x 749,6fz8rddjb35ptka,https://exponline.ugr.es/publix/939/983/start?srid=18226,614d9ea7c87980229c834d21,18,24,Poland,Male,Right-handed,,575.0999999998603,,,,,,,,,,,,,,"<div class=""InstrBx""><div class=""img-container""><img src=""stim/steak_mooney_dot_off2.jpg"" style=""width: 500px; height: ""500px; transform: ; ""></img></div></div>",73,12,0,dot,steak,steak_mooney_dot_off2,target,horizontal_flip,pre,off,Exp,dot_recog,i,0,1,,,
62,,,,,,html-keyboard-response,62,694649,0.0-11.0-5.12-1.12,Chrome,135.0,Windows,10,undefined,undefined,1440 x 900,1440 x 749,6fz8rddjb35ptka,https://exponline.ugr.es/publix/939/983/start?srid=18226,614d9ea7c87980229c834d21,18,24,Poland,Male,Right-handed,,480.30000000004657,,,,,,,,,,,,,,"<div class=""InstrBx""><div class=""img-container""><img src=""stim/gargoyle_mooney_dot_off4.jpg"" style=""width: 500px; height: ""500px; transform: ; ""></img></div></div>",73,13,0,dot,gargoyle,gargoyle_mooney_dot_off4,catch,regular,pre,off,Exp,dot_recog,i,0,1,,,
66,,,,,,html-keyboard-response,66,696329,0.0-11.0-5.13-1.13,Chrome,135.0,Windows,10,undefined,undefined,1440 x 900,1440 x 749,6fz8rddjb35ptka,https://exponline.ugr.es/publix/939/983/start?srid=18226,614d9ea7c87980229c834d21,18,24,Poland,Male,Right-handed,,668.0999999998603,,,,,,,,,,,,,,"<div class=""InstrBx""><div class=""img-container""><img src=""stim/puddle_mooney_dot_off2.jpg"" style=""width: 500px; height: ""500px; transform: ; ""></img></div></div>",69,14,0,dot,puddle,puddle_mooney_dot_off2,target,regular,pre,off,Exp,dot_recog,e,1,0,,,
70,,,,,,html-keyboard-response,70,698041,0.0-11.0-5.14-1.14,Chrome,135.0,Windows,10,undefined,undefined,1440 x 900,1440 x 749,6fz8rddjb35ptka,https://exponline.ugr.es/publix/939/983/start?srid=18226,614d9ea7c87980229c834d21,18,24,Poland,Male,Right-handed,,695.5,,,,,,,,,,,,,,"<div class=""InstrBx""><div class=""img-container""><img src=""stim/punching_bag_mooney_dot_off2.jpg"" style=""width: 500px; height: ""500px; transform: scaleY(-1) ; ""></img></div></div>",69,15,0,dot,punching_bag,punching_bag_mooney_dot_off2,target,upside_down,pre,off,Exp,dot_recog,e,1,0,,,
74,,,,,,html-keyboard-response,74,699753,0.0-11.0-5.15-1.15,Chrome,135.0,Windows,10,undefined,undefined,1440 x 900,1440 x 749,6fz8rddjb35ptka,https://exponline.ugr.es/publix/939/983/start?srid=18226,614d9ea7c87980229c834d21,18,24,Poland,Male,Right-handed,,703.3999999999069,,,,,,,,,,,,,,"<div class=""InstrBx""><div class=""img-container""><img src=""stim/puddle_mooney_dot_on3.jpg"" style=""width: 500px; height: ""500px; transform: ; ""></img></div></div>",73,16,0,dot,puddle,puddle_mooney_dot_on3,target,regular,pre,on,Exp,dot_recog,i,0,0,,,
82,,,,,,survey-text-autocomplete,82,706968,0.0-11.0-6.16-4.16,Chrome,135.0,Windows,10,undefined,undefined,1440 x 900,1440 x 749,6fz8rddjb35ptka,https://exponline.ugr.es/publix/939/983/start?srid=18226,614d9ea7c87980229c834d21,18,24,Poland,Male,Right-handed,,,"{""recognition"":""map""}",,,,,,,,,,,,,,,17,0,recognition,gargoyle,gargoyle_mooney,catch,regular,pre,null,Exp,Recognition,,,,map,0.8371577590372781,0.0
89,,,,,,survey-text-autocomplete,89,712770,0.0-11.0-6.17-4.17,Chrome,135.0,Windows,10,undefined,undefined,1440 x 900,1440 x 749,6fz8rddjb35ptka,https://exponline.ugr.es/publix/939/983/start?srid=18226,614d9ea7c87980229c834d21,18,24,Poland,Male,Right-handed,,,"{""recognition"":""cab""}",,,,,,,,,,,,,,,18,0,recognition,punching_bag,punching_bag_mooney,target,upside_down,pre,null,Exp,Recognition,,,,cab,0.8179070352691729,0.0
96,,,,,,survey-text-autocomplete,96,718391,0.0-11.0-6.18-4.18,Chrome,135.0,Windows,10,undefined,undefined,1440 x 900,1440 x 749,6fz8rddjb35ptka,https://exponline.ugr.es/publix/939/983/start?srid=18226,614d9ea7c87980229c834d21,18,24,Poland,Male,Right-handed,,,"{""recognition"":""dinner jacket""}",,,,,,,,,,,,,,,19,0,recognition,puddle,puddle_mooney,target,regular,pre,null,Exp,Recognition,,,,dinner_jacket,0.7721815042092228,0.0
103,,,,,,survey-text-autocomplete,103,722871,0.0-11.0-6.19-4.19,Chrome,135.0,Windows,10,undefined,undefined,1440 x 900,1440 x 749,6fz8rddjb35ptka,https://exponline.ugr.es/publix/939/983/start?srid=18226,614d9ea7c87980229c834d21,18,24,Poland,Male,Right-handed,,,"{""recognition"":""eagle""}",,,,,,,,,,,,,,,20,0,recognition,steak,steak_mooney,target,horizontal_flip,pre,null,Exp,Recognition,,,,eagle,0.639282588635913,0.0
110,,,,,,survey-text-autocomplete,110,731864,0.0-11.0-6.20-4.20,Chrome,135.0,Windows,10,undefined,undefined,1440 x 900,1440 x 749,6fz8rddjb35ptka,https://exponline.ugr.es/publix/939/983/start?srid=18226,614d9ea7c87980229c834d21,18,24,Poland,Male,Right-handed,,,"{""recognition"":""box""}",,,,,,,,,,,,,,,21,0,recognition,punching_bag,punching_bag,target,upside_down,color,null,Exp,Recognition,,,,box,0.7330467778351744,0.0
117,,,,,,survey-text-autocomplete,117,753896,0.0-11.0-6.21-4.21,Chrome,135.0,Windows,10,undefined,undefined,1440 x 900,1440 x 749,6fz8rddjb35ptka,https://exponline.ugr.es/publix/939/983/start?srid=18226,614d9ea7c87980229c834d21,18,24,Poland,Male,Right-handed,,,"""timeout""",,,,,,,,,,,,,,,22,0,recognition,puddle,puddle,target,regular,color,null,Exp,Recognition,,,,,,0.0
124,,,,,,survey-text-autocomplete,124,757605,0.0-11.0-6.22-4.22,Chrome,135.0,Windows,10,undefined,undefined,1440 x 900,1440 x 749,6fz8rddjb35ptka,https://exponline.ugr.es/publix/939/983/start?srid=18226,614d9ea7c87980229c834d21,18,24,Poland,Male,Right-handed,,,"{""recognition"":""steak""}",,,,,,,,,,,,,,,23,0,recognition,steak,steak,target,horizontal_flip,color,null,Exp,Recognition,,,,steak,0.0,1.0
130,,,,,,html-keyboard-response,130,764165,0.0-11.0-5.23-1.23,Chrome,135.0,Windows,10,undefined,undefined,1440 x 900,1440 x 749,6fz8rddjb35ptka,https://exponline.ugr.es/publix/939/983/start?srid=18226,614d9ea7c87980229c834d21,18,24,Poland,Male,Right-handed,,986.7000000001863,,,,,,,,,,,,,,"<div class=""InstrBx""><div class=""img-container""><img src=""stim/bullet_mooney_dot_off4.jpg"" style=""width: 500px; height: ""500px; transform: scaleY(-1) ; ""></img></div></div>",73,24,1,dot,bullet,bullet_mooney_dot_off4,target,upside_down,pre,off,Exp,dot_recog,i,0,1,,,
134,,,,,,html-keyboard-response,134,765773,0.0-11.0-5.24-1.24,Chrome,135.0,Windows,10,undefined,undefined,1440 x 900,1440 x 749,6fz8rddjb35ptka,https://exponline.ugr.es/publix/939/983/start?srid=18226,614d9ea7c87980229c834d21,18,24,Poland,Male,Right-handed,,593.6999999999534,,,,,,,,,,,,,,"<div class=""InstrBx""><div class=""img-container""><img src=""stim/steak_mooney_dot_off8.jpg"" style=""width: 500px; height: ""500px; transform: ; ""></img></div></div>",69,25,1,dot,steak,steak_mooney_dot_off8,target,horizontal_flip,post,off,Exp,dot_recog,e,1,0,,,
138,,,,,,html-keyboard-response,138,767357,0.0-11.0-5.25-1.25,Chrome,135.0,Windows,10,undefined,undefined,1440 x 900,1440 x 749,6fz8rddjb35ptka,https://exponline.ugr.es/publix/939/983/start?srid=18226,614d9ea7c87980229c834d21,18,24,Poland,Male,Right-handed,,572.3000000000466,,,,,,,,,,,,,,"<div class=""InstrBx""><div class=""img-container""><img src=""stim/puddle_mooney_dot_on7.jpg"" style=""width: 500px; height: ""500px; transform: ; ""></img></div></div>",73,26,1,dot,puddle,puddle_mooney_dot_on7,target,regular,post,on,Exp,dot_recog,i,0,0,,,
142,,,,,,html-keyboard-response,142,768948,0.0-11.0-5.26-1.26,Chrome,135.0,Windows,10,undefined,undefined,1440 x 900,1440 x 749,6fz8rddjb35ptka,https://exponline.ugr.es/publix/939/983/start?srid=18226,614d9ea7c87980229c834d21,18,24,Poland,Male,Right-handed,,571.2999999998137,,,,,,,,,,,,,,"<div class=""InstrBx""><div class=""img-container""><img src=""stim/punching_bag_mooney_dot_off8.jpg"" style=""width: 500px; height: ""500px; transform: scaleY(-1) ; ""></img></div></div>",69,27,1,dot,punching_bag,punching_bag_mooney_dot_off8,target,upside_down,post,off,Exp,dot_recog,e,1,0,,,
146,,,,,,html-keyboard-response,146,770597,0.0-11.0-5.27-1.27,Chrome,135.0,Windows,10,undefined,undefined,1440 x 900,1440 x 749,6fz8rddjb35ptka,https://exponline.ugr.es/publix/939/983/start?srid=18226,614d9ea7c87980229c834d21,18,24,Poland,Male,Right-handed,,628.0999999998603,,,,,,,,,,,,,,"<div class=""InstrBx""><div class=""img-container""><img src=""stim/buoy_mooney_dot_off2.jpg"" style=""width: 500px; height: ""500px; transform: ; ""></img></div></div>",69,28,1,dot,buoy,buoy_mooney_dot_off2,target,horizontal_flip,pre,off,Exp,dot_recog,e,1,0,,,
150,,,,,,html-keyboard-response,150,772350,0.0-11.0-5.28-1.28,Chrome,135.0,Windows,10,undefined,undefined,1440 x 900,1440 x 749,6fz8rddjb35ptka,https://exponline.ugr.es/publix/939/983/start?srid=18226,614d9ea7c87980229c834d21,18,24,Poland,Male,Right-handed,,741.6999999999534,,,,,,,,,,,,,,"<div class=""InstrBx""><div class=""img-container""><img src=""stim/steak_mooney_dot_on5.jpg"" style=""width: 500px; height: ""500px; transform: ; ""></img></div></div>",73,29,1,dot,steak,steak_mooney_dot_on5,target,horizontal_flip,post,on,Exp,dot_recog,i,0,0,,,
154,,,,,,html-keyboard-response,154,774118,0.0-11.0-5.29-1.29,Chrome,135.0,Windows,10,undefined,undefined,1440 x 900,1440 x 749,6fz8rddjb35ptka,https://exponline.ugr.es/publix/939/983/start?srid=18226,614d9ea7c87980229c834d21,18,24,Poland,Male,Right-handed,,746.7000000001863,,,,,,,,,,,,,,"<div class=""InstrBx""><div class=""img-container""><img src=""stim/gargoyle_mooney_dot_on7.jpg"" style=""width: 500px; height: ""500px; transform: ; ""></img></div></div>",69,30,1,dot,gargoyle,gargoyle_mooney_dot_on7,catch,regular,post,on,Exp,dot_recog,e,1,1,,,
158,,,,,,html-keyboard-response,158,775925,0.0-11.0-5.30-1.30,Chrome,135.0,Windows,10,undefined,undefined,1440 x 900,1440 x 749,6fz8rddjb35ptka,https://exponline.ugr.es/publix/939/983/start?srid=18226,614d9ea7c87980229c834d21,18,24,Poland,Male,Right-handed,,789.6000000000931,,,,,,,,,,,,,,"<div class=""InstrBx""><div class=""img-container""><img src=""stim/puddle_mooney_dot_off8.jpg"" style=""width: 500px; height: ""500px; transform: ; ""></img></div></div>",69,31,1,dot,puddle,puddle_mooney_dot_off8,target,regular,post,off,Exp,dot_recog,e,1,0,,,
162,,,,,,html-keyboard-response,162,777645,0.0-11.0-5.31-1.31,Chrome,135.0,Windows,10,undefined,undefined,1440 x 900,1440 x 749,6fz8rddjb35ptka,https://exponline.ugr.es/publix/939/983/start?srid=18226,614d9ea7c87980229c834d21,18,24,Poland,Male,Right-handed,,699.5,,,,,,,,,,,,,,"<div class=""InstrBx""><div class=""img-container""><img src=""stim/punching_bag_mooney_dot_on5.jpg"" style=""width: 500px; height: ""500px; transform: scaleY(-1) ; ""></img></div></div>",69,32,1,dot,punching_bag,punching_bag_mooney_dot_on5,target,upside_down,post,on,Exp,dot_recog,e,1,1,,,
166,,,,,,html-keyboard-response,166,779477,0.0-11.0-5.32-1.32,Chrome,135.0,Windows,10,undefined,undefined,1440 x 900,1440 x 749,6fz8rddjb35ptka,https://exponline.ugr.es/publix/939/983/start?srid=18226,614d9ea7c87980229c834d21,18,24,Poland,Male,Right-handed,,814.5,,,,,,,,,,,,,,"<div class=""InstrBx""><div class=""img-container""><img src=""stim/bullet_mooney_dot_on1.jpg"" style=""width: 500px; height: ""500px; transform: scaleY(-1) ; ""></img></div></div>",73,33,1,dot,bullet,bullet_mooney_dot_on1,target,upside_down,pre,on,Exp,dot_recog,i,0,0,,,
170,,,,,,html-keyboard-response,170,781222,0.0-11.0-5.33-1.33,Chrome,135.0,Windows,10,undefined,undefined,1440 x 900,1440 x 749,6fz8rddjb35ptka,https://exponline.ugr.es/publix/939/983/start?srid=18226,614d9ea7c87980229c834d21,18,24,Poland,Male,Right-handed,,731.3999999999069,,,,,,,,,,,,,,"<div class=""InstrBx""><div class=""img-container""><img src=""stim/puddle_mooney_dot_off6.jpg"" style=""width: 500px; height: ""500px; transform: ; ""></img></div></div>",69,34,1,dot,puddle,puddle_mooney_dot_off6,target,regular,post,off,Exp,dot_recog,e,1,0,,,
174,,,,,,html-keyboard-response,174,782781,0.0-11.0-5.34-1.34,Chrome,135.0,Windows,10,undefined,undefined,1440 x 900,1440 x 749,6fz8rddjb35ptka,https://exponline.ugr.es/publix/939/983/start?srid=18226,614d9ea7c87980229c834d21,18,24,Poland,Male,Right-handed,,545.6000000000931,,,,,,,,,,,,,,"<div class=""InstrBx""><div class=""img-container""><img src=""stim/candelabra_mooney_dot_off2.jpg"" style=""width: 500px; height: ""500px; transform: scaleY(-1) ; ""></img></div></div>",69,35,1,dot,candelabra,candelabra_mooney_dot_off2,catch,upside_down,pre,off,Exp,dot_recog,e,1,0,,,
178,,,,,,html-keyboard-response,178,784646,0.0-11.0-5.35-1.35,Chrome,135.0,Windows,10,undefined,undefined,1440 x 900,1440 x 749,6fz8rddjb35ptka,https://exponline.ugr.es/publix/939/983/start?srid=18226,614d9ea7c87980229c834d21,18,24,Poland,Male,Right-handed,,847.8000000000466,,,,,,,,,,,,,,"<div class=""InstrBx""><div class=""img-container""><img src=""stim/bullet_mooney_dot_on3.jpg"" style=""width: 500px; height: ""500px; transform: scaleY(-1) ; ""></img></div></div>",69,36,1,dot,bullet,bullet_mooney_dot_on3,target,upside_down,pre,on,Exp,dot_recog,e,1,1,,,
182,,,,,,html-keyboard-response,182,786269,0.0-11.0-5.36-1.36,Chrome,135.0,Windows,10,undefined,undefined,1440 x 900,1440 x 749,6fz8rddjb35ptka,https://exponline.ugr.es/publix/939/983/start?srid=18226,614d9ea7c87980229c834d21,18,24,Poland,Male,Right-handed,,613.9000000001397,,,,,,,,,,,,,,"<div class=""InstrBx""><div class=""img-container""><img src=""stim/lip_gloss_mooney_dot_off2.jpg"" style=""width: 500px; height: ""500px; transform: ; ""></img></div></div>",73,37,1,dot,lip_gloss,lip_gloss_mooney_dot_off2,target,regular,pre,off,Exp,dot_recog,i,0,1,,,
186,,,,,,html-keyboard-response,186,787806,0.0-11.0-5.37-1.37,Chrome,135.0,Windows,10,undefined,undefined,1440 x 900,1440 x 749,6fz8rddjb35ptka,https://exponline.ugr.es/publix/939/983/start?srid=18226,614d9ea7c87980229c834d21,18,24,Poland,Male,Right-handed,,526.2999999998137,,,,,,,,,,,,,,"<div class=""InstrBx""><div class=""img-container""><img src=""stim/punching_bag_mooney_dot_off6.jpg"" style=""width: 500px; height: ""500px; transform: scaleY(-1) ; ""></img></div></div>",69,38,1,dot,punching_bag,punching_bag_mooney_dot_off6,target,upside_down,post,off,Exp,dot_recog,e,1,0,,,
190,,,,,,html-keyboard-response,190,789454,0.0-11.0-5.38-1.38,Chrome,135.0,Windows,10,undefined,undefined,1440 x 900,1440 x 749,6fz8rddjb35ptka,https://exponline.ugr.es/publix/939/983/start?srid=18226,614d9ea7c87980229c834d21,18,24,Poland,Male,Right-handed,,629.5,,,,,,,,,,,,,,"<div class=""InstrBx""><div class=""img-container""><img src=""stim/gargoyle_mooney_dot_off6.jpg"" style=""width: 500px; height: ""500px; transform: ; ""></img></div></div>",73,39,1,dot,gargoyle,gargoyle_mooney_dot_off6,catch,regular,post,off,Exp,dot_recog,i,0,1,,,
194,,,,,,html-keyboard-response,194,791167,0.0-11.0-5.39-1.39,Chrome,135.0,Windows,10,undefined,undefined,1440 x 900,1440 x 749,6fz8rddjb35ptka,https://exponline.ugr.es/publix/939/983/start?srid=18226,614d9ea7c87980229c834d21,18,24,Poland,Male,Right-handed,,704.4000000001397,,,,,,,,,,,,,,"<div class=""InstrBx""><div class=""img-container""><img src=""stim/lip_gloss_mooney_dot_off4.jpg"" style=""width: 500px; height: ""500px; transform: ; ""></img></div></div>",73,40,1,dot,lip_gloss,lip_gloss_mooney_dot_off4,target,regular,pre,off,Exp,dot_recog,i,0,1,,,
198,,,,,,html-keyboard-response,198,792879,0.0-11.0-5.40-1.40,Chrome,135.0,Windows,10,undefined,undefined,1440 x 900,1440 x 749,6fz8rddjb35ptka,https://exponline.ugr.es/publix/939/983/start?srid=18226,614d9ea7c87980229c834d21,18,24,Poland,Male,Right-handed,,696.8999999999069,,,,,,,,,,,,,,"<div class=""InstrBx""><div class=""img-container""><img src=""stim/candelabra_mooney_dot_on1.jpg"" style=""width: 500px; height: ""500px; transform: scaleY(-1) ; ""></img></div></div>",69,41,1,dot,candelabra,candelabra_mooney_dot_on1,catch,upside_down,pre,on,Exp,dot_recog,e,1,1,,,
202,,,,,,html-keyboard-response,202,794630,0.0-11.0-5.41-1.41,Chrome,135.0,Windows,10,undefined,undefined,1440 x 900,1440 x 749,6fz8rddjb35ptka,https://exponline.ugr.es/publix/939/983/start?srid=18226,614d9ea7c87980229c834d21,18,24,Poland,Male,Right-handed,,735.1000000000931,,,,,,,,,,,,,,"<div class=""InstrBx""><div class=""img-container""><img src=""stim/gargoyle_mooney_dot_on5.jpg"" style=""width: 500px; height: ""500px; transform: ; ""></img></div></div>",73,42,1,dot,gargoyle,gargoyle_mooney_dot_on5,catch,regular,post,on,Exp,dot_recog,i,0,0,,,
206,,,,,,html-keyboard-response,206,796558,0.0-11.0-5.42-1.42,Chrome,135.0,Windows,10,undefined,undefined,1440 x 900,1440 x 749,6fz8rddjb35ptka,https://exponline.ugr.es/publix/939/983/start?srid=18226,614d9ea7c87980229c834d21,18,24,Poland,Male,Right-handed,,914.3999999999069,,,,,,,,,,,,,,"<div class=""InstrBx""><div class=""img-container""><img src=""stim/buoy_mooney_dot_on1.jpg"" style=""width: 500px; height: ""500px; transform: ; ""></img></div></div>",69,43,1,dot,buoy,buoy_mooney_dot_on1,target,horizontal_flip,pre,on,Exp,dot_recog,e,1,1,,,
210,,,,,,html-keyboard-response,210,798223,0.0-11.0-5.43-1.43,Chrome,135.0,Windows,10,undefined,undefined,1440 x 900,1440 x 749,6fz8rddjb35ptka,https://exponline.ugr.es/publix/939/983/start?srid=18226,614d9ea7c87980229c834d21,18,24,Poland,Male,Right-handed,,642.8000000000466,,,,,,,,,,,,,,"<div class=""InstrBx""><div class=""img-container""><img src=""stim/lip_gloss_mooney_dot_on3.jpg"" style=""width: 500px; height: ""500px; transform: ; ""></img></div></div>",73,44,1,dot,lip_gloss,lip_gloss_mooney_dot_on3,target,regular,pre,on,Exp,dot_recog,i,0,0,,,
214,,,,,,html-keyboard-response,214,799815,0.0-11.0-5.44-1.44,Chrome,135.0,Windows,10,undefined,undefined,1440 x 900,1440 x 749,6fz8rddjb35ptka,https://exponline.ugr.es/publix/939/983/start?srid=18226,614d9ea7c87980229c834d21,18,24,Poland,Male,Right-handed,,580.6999999999534,,,,,,,,,,,,,,"<div class=""InstrBx""><div class=""img-container""><img src=""stim/gargoyle_mooney_dot_off8.jpg"" style=""width: 500px; height: ""500px; transform: ; ""></img></div></div>",73,45,1,dot,gargoyle,gargoyle_mooney_dot_off8,catch,regular,post,off,Exp,dot_recog,i,0,1,,,
218,,,,,,html-keyboard-response,218,801775,0.0-11.0-5.45-1.45,Chrome,135.0,Windows,10,undefined,undefined,1440 x 900,1440 x 749,6fz8rddjb35ptka,https://exponline.ugr.es/publix/939/983/start?srid=18226,614d9ea7c87980229c834d21,18,24,Poland,Male,Right-handed,,949.3000000000466,,,,,,,,,,,,,,"<div class=""InstrBx""><div class=""img-container""><img src=""stim/steak_mooney_dot_on7.jpg"" style=""width: 500px; height: ""500px; transform: ; ""></img></div></div>",73,46,1,dot,steak,steak_mooney_dot_on7,target,horizontal_flip,post,on,Exp,dot_recog,i,0,0,,,
222,,,,,,html-keyboard-response,222,803503,0.0-11.0-5.46-1.46,Chrome,135.0,Windows,10,undefined,undefined,1440 x 900,1440 x 749,6fz8rddjb35ptka,https://exponline.ugr.es/publix/939/983/start?srid=18226,614d9ea7c87980229c834d21,18,24,Poland,Male,Right-handed,,708.8999999999069,,,,,,,,,,,,,,"<div class=""InstrBx""><div class=""img-container""><img src=""stim/buoy_mooney_dot_on3.jpg"" style=""width: 500px; height: ""500px; transform: ; ""></img></div></div>",69,47,1,dot,buoy,buoy_mooney_dot_on3,target,horizontal_flip,pre,on,Exp,dot_recog,e,1,1,,,
226,,,,,,html-keyboard-response,226,805087,0.0-11.0-5.47-1.47,Chrome,135.0,Windows,10,undefined,undefined,1440 x 900,1440 x 749,6fz8rddjb35ptka,https://exponline.ugr.es/publix/939/983/start?srid=18226,614d9ea7c87980229c834d21,18,24,Poland,Male,Right-handed,,561.7999999998137,,,,,,,,,,,,,,"<div class=""InstrBx""><div class=""img-container""><img src=""stim/candelabra_mooney_dot_on3.jpg"" style=""width: 500px; height: ""500px; transform: scaleY(-1) ; ""></img></div></div>",69,48,1,dot,candelabra,candelabra_mooney_dot_on3,catch,upside_down,pre,on,Exp,dot_recog,e,1,1,,,
230,,,,,,html-keyboard-response,230,806760,0.0-11.0-5.48-1.48,Chrome,135.0,Windows,10,undefined,undefined,1440 x 900,1440 x 749,6fz8rddjb35ptka,https://exponline.ugr.es/publix/939/983/start?srid=18226,614d9ea7c87980229c834d21,18,24,Poland,Male,Right-handed,,656.0999999998603,,,,,,,,,,,,,,"<div class=""InstrBx""><div class=""img-container""><img src=""stim/lip_gloss_mooney_dot_on1.jpg"" style=""width: 500px; height: ""500px; transform: ; ""></img></div></div>",73,49,1,dot,lip_gloss,lip_gloss_mooney_dot_on1,target,regular,pre,on,Exp,dot_recog,i,0,0,,,
234,,,,,,html-keyboard-response,234,808360,0.0-11.0-5.49-1.49,Chrome,135.0,Windows,10,undefined,undefined,1440 x 900,1440 x 749,6fz8rddjb35ptka,https://exponline.ugr.es/publix/939/983/start?srid=18226,614d9ea7c87980229c834d21,18,24,Poland,Male,Right-handed,,589.5,,,,,,,,,,,,,,"<div class=""InstrBx""><div class=""img-container""><img src=""stim/punching_bag_mooney_dot_on7.jpg"" style=""width: 500px; height: ""500px; transform: scaleY(-1) ; ""></img></div></div>",69,50,1,dot,punching_bag,punching_bag_mooney_dot_on7,target,upside_down,post,on,Exp,dot_recog,e,1,1,,,
238,,,,,,html-keyboard-response,238,810248,0.0-11.0-5.50-1.50,Chrome,135.0,Windows,10,undefined,undefined,1440 x 900,1440 x 749,6fz8rddjb35ptka,https://exponline.ugr.es/publix/939/983/start?srid=18226,614d9ea7c87980229c834d21,18,24,Poland,Male,Right-handed,,867.9000000001397,,,,,,,,,,,,,,"<div class=""InstrBx""><div class=""img-container""><img src=""stim/steak_mooney_dot_off6.jpg"" style=""width: 500px; height: ""500px; transform: ; ""></img></div></div>",69,51,1,dot,steak,steak_mooney_dot_off6,target,horizontal_flip,post,off,Exp,dot_recog,e,1,0,,,
242,,,,,,html-keyboard-response,242,811800,0.0-11.0-5.51-1.51,Chrome,135.0,Windows,10,undefined,undefined,1440 x 900,1440 x 749,6fz8rddjb35ptka,https://exponline.ugr.es/publix/939/983/start?srid=18226,614d9ea7c87980229c834d21,18,24,Poland,Male,Right-handed,,531.3000000000466,,,,,,,,,,,,,,"<div class=""InstrBx""><div class=""img-container""><img src=""stim/buoy_mooney_dot_off4.jpg"" style=""width: 500px; height: ""500px; transform: ; ""></img></div></div>",69,52,1,dot,buoy,buoy_mooney_dot_off4,target,horizontal_flip,pre,off,Exp,dot_recog,e,1,0,,,
246,,,,,,html-keyboard-response,246,813487,0.0-11.0-5.52-1.52,Chrome,135.0,Windows,10,undefined,undefined,1440 x 900,1440 x 749,6fz8rddjb35ptka,https://exponline.ugr.es/publix/939/983/start?srid=18226,614d9ea7c87980229c834d21,18,24,Poland,Male,Right-handed,,674.3999999999069,,,,,,,,,,,,,,"<div class=""InstrBx""><div class=""img-container""><img src=""stim/candelabra_mooney_dot_off4.jpg"" style=""width: 500px; height: ""500px; transform: scaleY(-1) ; ""></img></div></div>",73,53,1,dot,candelabra,candelabra_mooney_dot_off4,catch,upside_down,pre,off,Exp,dot_recog,i,0,1,,,
250,,,,,,html-keyboard-response,250,815208,0.0-11.0-5.53-1.53,Chrome,135.0,Windows,10,undefined,undefined,1440 x 900,1440 x 749,6fz8rddjb35ptka,https://exponline.ugr.es/publix/939/983/start?srid=18226,614d9ea7c87980229c834d21,18,24,Poland,Male,Right-handed,,710.6999999999534,,,,,,,,,,,,,,"<div class=""InstrBx""><div class=""img-container""><img src=""stim/puddle_mooney_dot_on5.jpg"" style=""width: 500px; height: ""500px; transform: ; ""></img></div></div>",69,54,1,dot,puddle,puddle_mooney_dot_on5,target,regular,post,on,Exp,dot_recog,e,1,1,,,
254,,,,,,html-keyboard-response,254,816872,0.0-11.0-5.54-1.54,Chrome,135.0,Windows,10,undefined,undefined,1440 x 900,1440 x 749,6fz8rddjb35ptka,https://exponline.ugr.es/publix/939/983/start?srid=18226,614d9ea7c87980229c834d21,18,24,Poland,Male,Right-handed,,654.0999999998603,,,,,,,,,,,,,,"<div class=""InstrBx""><div class=""img-container""><img src=""stim/bullet_mooney_dot_off2.jpg"" style=""width: 500px; height: ""500px; transform: scaleY(-1) ; ""></img></div></div>",73,55,1,dot,bullet,bullet_mooney_dot_off2,target,upside_down,pre,off,Exp,dot_recog,i,0,1,,,
262,,,,,,survey-text-autocomplete,262,823261,0.0-11.0-6.55-4.55,Chrome,135.0,Windows,10,undefined,undefined,1440 x 900,1440 x 749,6fz8rddjb35ptka,https://exponline.ugr.es/publix/939/983/start?srid=18226,614d9ea7c87980229c834d21,18,24,Poland,Male,Right-handed,,,"{""recognition"":""rabbit""}",,,,,,,,,,,,,,,56,1,recognition,gargoyle,gargoyle_mooney,catch,regular,post,null,Exp,Recognition,,,,rabbit,0.48168497684672007,0.0
269,,,,,,survey-text-autocomplete,269,830833,0.0-11.0-6.56-4.56,Chrome,135.0,Windows,10,undefined,undefined,1440 x 900,1440 x 749,6fz8rddjb35ptka,https://exponline.ugr.es/publix/939/983/start?srid=18226,614d9ea7c87980229c834d21,18,24,Poland,Male,Right-handed,,,"{""recognition"":""station wagon""}",,,,,,,,,,,,,,,57,1,recognition,bullet,bullet_mooney,target,upside_down,pre,null,Exp,Recognition,,,,station_wagon,0.7002959525488865,0.0
276,,,,,,survey-text-autocomplete,276,836335,0.0-11.0-6.57-4.57,Chrome,135.0,Windows,10,undefined,undefined,1440 x 900,1440 x 749,6fz8rddjb35ptka,https://exponline.ugr.es/publix/939/983/start?srid=18226,614d9ea7c87980229c834d21,18,24,Poland,Male,Right-handed,,,"{""recognition"":""death chair""}",,,,,,,,,,,,,,,58,1,recognition,buoy,buoy_mooney,target,horizontal_flip,pre,null,Exp,Recognition,,,,death_chair,0.7173824385652998,0.0
283,,,,,,survey-text-autocomplete,283,842758,0.0-11.0-6.58-4.58,Chrome,135.0,Windows,10,undefined,undefined,1440 x 900,1440 x 749,6fz8rddjb35ptka,https://exponline.ugr.es/publix/939/983/start?srid=18226,614d9ea7c87980229c834d21,18,24,Poland,Male,Right-handed,,,"{""recognition"":""cable""}",,,,,,,,,,,,,,,59,1,recognition,candelabra,candelabra_mooney,catch,upside_down,pre,null,Exp,Recognition,,,,cable,0.8125344362072607,0.0
290,,,,,,survey-text-autocomplete,290,847788,0.0-11.0-6.59-4.59,Chrome,135.0,Windows,10,undefined,undefined,1440 x 900,1440 x 749,6fz8rddjb35ptka,https://exponline.ugr.es/publix/939/983/start?srid=18226,614d9ea7c87980229c834d21,18,24,Poland,Male,Right-handed,,,"{""recognition"":""rocket""}",,,,,,,,,,,,,,,60,1,recognition,lip_gloss,lip_gloss_mooney,target,regular,pre,null,Exp,Recognition,,,,rocket,0.7381975569750283,0.0
297,,,,,,survey-text-autocomplete,297,852955,0.0-11.0-6.60-4.60,Chrome,135.0,Windows,10,undefined,undefined,1440 x 900,1440 x 749,6fz8rddjb35ptka,https://exponline.ugr.es/publix/939/983/start?srid=18226,614d9ea7c87980229c834d21,18,24,Poland,Male,Right-handed,,,"{""recognition"":""ship""}",,,,,,,,,,,,,,,61,1,recognition,punching_bag,punching_bag_mooney,target,upside_down,post,null,Exp,Recognition,,,,ship,0.8580859774890338,0.0
304,,,,,,survey-text-autocomplete,304,859071,0.0-11.0-6.61-4.61,Chrome,135.0,Windows,10,undefined,undefined,1440 x 900,1440 x 749,6fz8rddjb35ptka,https://exponline.ugr.es/publix/939/983/start?srid=18226,614d9ea7c87980229c834d21,18,24,Poland,Male,Right-handed,,,"{""recognition"":""leash""}",,,,,,,,,,,,,,,62,1,recognition,steak,steak_mooney,target,horizontal_flip,post,null,Exp,Recognition,,,,leash,0.8186345670351722,0.0
311,,,,,,survey-text-autocomplete,311,864922,0.0-11.0-6.62-4.62,Chrome,135.0,Windows,10,undefined,undefined,1440 x 900,1440 x 749,6fz8rddjb35ptka,https://exponline.ugr.es/publix/939/983/start?srid=18226,614d9ea7c87980229c834d21,18,24,Poland,Male,Right-handed,,,"{""recognition"":""diamond""}",,,,,,,,,,,,,,,63,1,recognition,puddle,puddle_mooney,target,regular,post,null,Exp,Recognition,,,,diamond,0.8388987669841487,0.0
318,,,,,,survey-text-autocomplete,318,869284,0.0-11.0-6.63-4.63,Chrome,135.0,Windows,10,undefined,undefined,1440 x 900,1440 x 749,6fz8rddjb35ptka,https://exponline.ugr.es/publix/939/983/start?srid=18226,614d9ea7c87980229c834d21,18,24,Poland,Male,Right-handed,,,"{""recognition"":""bullet""}",,,,,,,,,,,,,,,64,1,recognition,bullet,bullet,target,upside_down,color,null,Exp,Recognition,,,,bullet,0.0,1.0
325,,,,,,survey-text-autocomplete,325,878000,0.0-11.0-6.64-4.64,Chrome,135.0,Windows,10,undefined,undefined,1440 x 900,1440 x 749,6fz8rddjb35ptka,https://exponline.ugr.es/publix/939/983/start?srid=18226,614d9ea7c87980229c834d21,18,24,Poland,Male,Right-handed,,,"{""recognition"":""boiler""}",,,,,,,,,,,,,,,65,1,recognition,buoy,buoy,target,horizontal_flip,color,null,Exp,Recognition,,,,boiler,0.7030686922355441,0.0
332,,,,,,survey-text-autocomplete,332,884672,0.0-11.0-6.65-4.65,Chrome,135.0,Windows,10,undefined,undefined,1440 x 900,1440 x 749,6fz8rddjb35ptka,https://exponline.ugr.es/publix/939/983/start?srid=18226,614d9ea7c87980229c834d21,18,24,Poland,Male,Right-handed,,,"{""recognition"":""lipstick""}",,,,,,,,,,,,,,,66,1,recognition,lip_gloss,lip_gloss,target,regular,color,null,Exp,Recognition,,,,lipstick,0.3386423889777298,0.0
338,,,,,,html-keyboard-response,338,890389,0.0-11.0-5.66-1.66,Chrome,135.0,Windows,10,undefined,undefined,1440 x 900,1440 x 749,6fz8rddjb35ptka,https://exponline.ugr.es/publix/939/983/start?srid=18226,614d9ea7c87980229c834d21,18,24,Poland,Male,Right-handed,,1393.3000000000466,,,,,,,,,,,,,,"<div class=""InstrBx""><div class=""img-container""><img src=""stim/grasshopper_mooney_dot_on1.jpg"" style=""width: 500px; height: ""500px; transform: ; ""></img></div></div>",73,67,2,dot,grasshopper,grasshopper_mooney_dot_on1,target,horizontal_flip,pre,on,Exp,dot_recog,i,0,0,,,
342,,,,,,html-keyboard-response,342,892092,0.0-11.0-5.67-1.67,Chrome,135.0,Windows,10,undefined,undefined,1440 x 900,1440 x 749,6fz8rddjb35ptka,https://exponline.ugr.es/publix/939/983/start?srid=18226,614d9ea7c87980229c834d21,18,24,Poland,Male,Right-handed,,679.8000000000466,,,,,,,,,,,,,,"<div class=""InstrBx""><div class=""img-container""><img src=""stim/shears_mooney_dot_off2.jpg"" style=""width: 500px; height: ""500px; transform: scaleY(-1) ; ""></img></div></div>",69,68,2,dot,shears,shears_mooney_dot_off2,target,upside_down,pre,off,Exp,dot_recog,e,1,0,,,
346,,,,,,html-keyboard-response,346,893684,0.0-11.0-5.68-1.68,Chrome,135.0,Windows,10,undefined,undefined,1440 x 900,1440 x 749,6fz8rddjb35ptka,https://exponline.ugr.es/publix/939/983/start?srid=18226,614d9ea7c87980229c834d21,18,24,Poland,Male,Right-handed,,567.9000000001397,,,,,,,,,,,,,,"<div class=""InstrBx""><div class=""img-container""><img src=""stim/surfboard_mooney_dot_on3.jpg"" style=""width: 500px; height: ""500px; transform: ; ""></img></div></div>",69,69,2,dot,surfboard,surfboard_mooney_dot_on3,target,regular,pre,on,Exp,dot_recog,e,1,1,,,
350,,,,,,html-keyboard-response,350,895205,0.0-11.0-5.69-1.69,Chrome,135.0,Windows,10,undefined,undefined,1440 x 900,1440 x 749,6fz8rddjb35ptka,https://exponline.ugr.es/publix/939/983/start?srid=18226,614d9ea7c87980229c834d21,18,24,Poland,Male,Right-handed,,496.5,,,,,,,,,,,,,,"<div class=""InstrBx""><div class=""img-container""><img src=""stim/candelabra_mooney_dot_off6.jpg"" style=""width: 500px; height: ""500px; transform: scaleY(-1) ; ""></img></div></div>",73,70,2,dot,candelabra,candelabra_mooney_dot_off6,catch,upside_down,post,off,Exp,dot_recog,i,0,1,,,
354,,,,,,html-keyboard-response,354,896893,0.0-11.0-5.70-1.70,Chrome,135.0,Windows,10,undefined,undefined,1440 x 900,1440 x 749,6fz8rddjb35ptka,https://exponline.ugr.es/publix/939/983/start?srid=18226,614d9ea7c87980229c834d21,18,24,Poland,Male,Right-handed,,670.4000000001397,,,,,,,,,,,,,,"<div class=""InstrBx""><div class=""img-container""><img src=""stim/bullet_mooney_dot_off6.jpg"" style=""width: 500px; height: ""500px; transform: scaleY(-1) ; ""></img></div></div>",69,71,2,dot,bullet,bullet_mooney_dot_off6,target,upside_down,post,off,Exp,dot_recog,e,1,0,,,
358,,,,,,html-keyboard-response,358,898693,0.0-11.0-5.71-1.71,Chrome,135.0,Windows,10,undefined,undefined,1440 x 900,1440 x 749,6fz8rddjb35ptka,https://exponline.ugr.es/publix/939/983/start?srid=18226,614d9ea7c87980229c834d21,18,24,Poland,Male,Right-handed,,782.8999999999069,,,,,,,,,,,,,,"<div class=""InstrBx""><div class=""img-container""><img src=""stim/buoy_mooney_dot_on7.jpg"" style=""width: 500px; height: ""500px; transform: ; ""></img></div></div>",69,72,2,dot,buoy,buoy_mooney_dot_on7,target,horizontal_flip,post,on,Exp,dot_recog,e,1,1,,,
362,,,,,,html-keyboard-response,362,900325,0.0-11.0-5.72-1.72,Chrome,135.0,Windows,10,undefined,undefined,1440 x 900,1440 x 749,6fz8rddjb35ptka,https://exponline.ugr.es/publix/939/983/start?srid=18226,614d9ea7c87980229c834d21,18,24,Poland,Male,Right-handed,,605.6000000000931,,,,,,,,,,,,,,"<div class=""InstrBx""><div class=""img-container""><img src=""stim/lip_gloss_mooney_dot_on5.jpg"" style=""width: 500px; height: ""500px; transform: ; ""></img></div></div>",73,73,2,dot,lip_gloss,lip_gloss_mooney_dot_on5,target,regular,post,on,Exp,dot_recog,i,0,0,,,
366,,,,,,html-keyboard-response,366,901845,0.0-11.0-5.73-1.73,Chrome,135.0,Windows,10,undefined,undefined,1440 x 900,1440 x 749,6fz8rddjb35ptka,https://exponline.ugr.es/publix/939/983/start?srid=18226,614d9ea7c87980229c834d21,18,24,Poland,Male,Right-handed,,503.5,,,,,,,,,,,,,,"<div class=""InstrBx""><div class=""img-container""><img src=""stim/shears_mooney_dot_on1.jpg"" style=""width: 500px; height: ""500px; transform: scaleY(-1) ; ""></img></div></div>",73,74,2,dot,shears,shears_mooney_dot_on1,target,upside_down,pre,on,Exp,dot_recog,i,0,0,,,
370,,,,,,html-keyboard-response,370,903805,0.0-11.0-5.74-1.74,Chrome,135.0,Windows,10,undefined,undefined,1440 x 900,1440 x 749,6fz8rddjb35ptka,https://exponline.ugr.es/publix/939/983/start?srid=18226,614d9ea7c87980229c834d21,18,24,Poland,Male,Right-handed,,934.8000000000466,,,,,,,,,,,,,,"<div class=""InstrBx""><div class=""img-container""><img src=""stim/candelabra_mooney_dot_off8.jpg"" style=""width: 500px; height: ""500px; transform: scaleY(-1) ; ""></img></div></div>",69,75,2,dot,candelabra,candelabra_mooney_dot_off8,catch,upside_down,post,off,Exp,dot_recog,e,1,0,,,
374,,,,,,html-keyboard-response,374,905517,0.0-11.0-5.75-1.75,Chrome,135.0,Windows,10,undefined,undefined,1440 x 900,1440 x 749,6fz8rddjb35ptka,https://exponline.ugr.es/publix/939/983/start?srid=18226,614d9ea7c87980229c834d21,18,24,Poland,Male,Right-handed,,697.8000000000466,,,,,,,,,,,,,,"<div class=""InstrBx""><div class=""img-container""><img src=""stim/grasshopper_mooney_dot_off2.jpg"" style=""width: 500px; height: ""500px; transform: ; ""></img></div></div>",69,76,2,dot,grasshopper,grasshopper_mooney_dot_off2,target,horizontal_flip,pre,off,Exp,dot_recog,e,1,0,,,
378,,,,,,html-keyboard-response,378,907286,0.0-11.0-5.76-1.76,Chrome,135.0,Windows,10,undefined,undefined,1440 x 900,1440 x 749,6fz8rddjb35ptka,https://exponline.ugr.es/publix/939/983/start?srid=18226,614d9ea7c87980229c834d21,18,24,Poland,Male,Right-handed,,747.6000000000931,,,,,,,,,,,,,,"<div class=""InstrBx""><div class=""img-container""><img src=""stim/bullet_mooney_dot_off8.jpg"" style=""width: 500px; height: ""500px; transform: scaleY(-1) ; ""></img></div></div>",69,77,2,dot,bullet,bullet_mooney_dot_off8,target,upside_down,post,off,Exp,dot_recog,e,1,0,,,
382,,,,,,html-keyboard-response,382,908805,0.0-11.0-5.77-1.77,Chrome,135.0,Windows,10,undefined,undefined,1440 x 900,1440 x 749,6fz8rddjb35ptka,https://exponline.ugr.es/publix/939/983/start?srid=18226,614d9ea7c87980229c834d21,18,24,Poland,Male,Right-handed,,502.80000000004657,,,,,,,,,,,,,,"<div class=""InstrBx""><div class=""img-container""><img src=""stim/sandal_mooney_dot_off4.jpg"" style=""width: 500px; height: ""500px; transform: ; ""></img></div></div>",73,78,2,dot,sandal,sandal_mooney_dot_off4,catch,horizontal_flip,pre,off,Exp,dot_recog,i,0,1,,,
386,,,,,,html-keyboard-response,386,910493,0.0-11.0-5.78-1.78,Chrome,135.0,Windows,10,undefined,undefined,1440 x 900,1440 x 749,6fz8rddjb35ptka,https://exponline.ugr.es/publix/939/983/start?srid=18226,614d9ea7c87980229c834d21,18,24,Poland,Male,Right-handed,,660.5,,,,,,,,,,,,,,"<div class=""InstrBx""><div class=""img-container""><img src=""stim/grasshopper_mooney_dot_off4.jpg"" style=""width: 500px; height: ""500px; transform: ; ""></img></div></div>",73,79,2,dot,grasshopper,grasshopper_mooney_dot_off4,target,horizontal_flip,pre,off,Exp,dot_recog,i,0,1,,,
390,,,,,,html-keyboard-response,390,912342,0.0-11.0-5.79-1.79,Chrome,135.0,Windows,10,undefined,undefined,1440 x 900,1440 x 749,6fz8rddjb35ptka,https://exponline.ugr.es/publix/939/983/start?srid=18226,614d9ea7c87980229c834d21,18,24,Poland,Male,Right-handed,,825,,,,,,,,,,,,,,"<div class=""InstrBx""><div class=""img-container""><img src=""stim/shears_mooney_dot_off4.jpg"" style=""width: 500px; height: ""500px; transform: scaleY(-1) ; ""></img></div></div>",73,80,2,dot,shears,shears_mooney_dot_off4,target,upside_down,pre,off,Exp,dot_recog,i,0,1,,,
394,,,,,,html-keyboard-response,394,913894,0.0-11.0-5.80-1.80,Chrome,135.0,Windows,10,undefined,undefined,1440 x 900,1440 x 749,6fz8rddjb35ptka,https://exponline.ugr.es/publix/939/983/start?srid=18226,614d9ea7c87980229c834d21,18,24,Poland,Male,Right-handed,,537.6999999999534,,,,,,,,,,,,,,"<div class=""InstrBx""><div class=""img-container""><img src=""stim/lip_gloss_mooney_dot_off8.jpg"" style=""width: 500px; height: ""500px; transform: ; ""></img></div></div>",73,81,2,dot,lip_gloss,lip_gloss_mooney_dot_off8,target,regular,post,off,Exp,dot_recog,i,0,1,,,
398,,,,,,html-keyboard-response,398,915533,0.0-11.0-5.81-1.81,Chrome,135.0,Windows,10,undefined,undefined,1440 x 900,1440 x 749,6fz8rddjb35ptka,https://exponline.ugr.es/publix/939/983/start?srid=18226,614d9ea7c87980229c834d21,18,24,Poland,Male,Right-handed,,613.3999999999069,,,,,,,,,,,,,,"<div class=""InstrBx""><div class=""img-container""><img src=""stim/candelabra_mooney_dot_on5.jpg"" style=""width: 500px; height: ""500px; transform: scaleY(-1) ; ""></img></div></div>",73,82,2,dot,candelabra,candelabra_mooney_dot_on5,catch,upside_down,post,on,Exp,dot_recog,i,0,0,,,
402,,,,,,html-keyboard-response,402,917286,0.0-11.0-5.82-1.82,Chrome,135.0,Windows,10,undefined,undefined,1440 x 900,1440 x 749,6fz8rddjb35ptka,https://exponline.ugr.es/publix/939/983/start?srid=18226,614d9ea7c87980229c834d21,18,24,Poland,Male,Right-handed,,726.5,,,,,,,,,,,,,,"<div class=""InstrBx""><div class=""img-container""><img src=""stim/bullet_mooney_dot_on5.jpg"" style=""width: 500px; height: ""500px; transform: scaleY(-1) ; ""></img></div></div>",69,83,2,dot,bullet,bullet_mooney_dot_on5,target,upside_down,post,on,Exp,dot_recog,e,1,1,,,
406,,,,,,html-keyboard-response,406,919030,0.0-11.0-5.83-1.83,Chrome,135.0,Windows,10,undefined,undefined,1440 x 900,1440 x 749,6fz8rddjb35ptka,https://exponline.ugr.es/publix/939/983/start?srid=18226,614d9ea7c87980229c834d21,18,24,Poland,Male,Right-handed,,721.8999999999069,,,,,,,,,,,,,,"<div class=""InstrBx""><div class=""img-container""><img src=""stim/sandal_mooney_dot_on1.jpg"" style=""width: 500px; height: ""500px; transform: ; ""></img></div></div>",73,84,2,dot,sandal,sandal_mooney_dot_on1,catch,horizontal_flip,pre,on,Exp,dot_recog,i,0,0,,,
410,,,,,,html-keyboard-response,410,920654,0.0-11.0-5.84-1.84,Chrome,135.0,Windows,10,undefined,undefined,1440 x 900,1440 x 749,6fz8rddjb35ptka,https://exponline.ugr.es/publix/939/983/start?srid=18226,614d9ea7c87980229c834d21,18,24,Poland,Male,Right-handed,,600,,,,,,,,,,,,,,"<div class=""InstrBx""><div class=""img-container""><img src=""stim/lip_gloss_mooney_dot_off6.jpg"" style=""width: 500px; height: ""500px; transform: ; ""></img></div></div>",73,85,2,dot,lip_gloss,lip_gloss_mooney_dot_off6,target,regular,post,off,Exp,dot_recog,i,0,1,,,
414,,,,,,html-keyboard-response,414,922270,0.0-11.0-5.85-1.85,Chrome,135.0,Windows,10,undefined,undefined,1440 x 900,1440 x 749,6fz8rddjb35ptka,https://exponline.ugr.es/publix/939/983/start?srid=18226,614d9ea7c87980229c834d21,18,24,Poland,Male,Right-handed,,591.5,,,,,,,,,,,,,,"<div class=""InstrBx""><div class=""img-container""><img src=""stim/buoy_mooney_dot_off8.jpg"" style=""width: 500px; height: ""500px; transform: ; ""></img></div></div>",69,86,2,dot,buoy,buoy_mooney_dot_off8,target,horizontal_flip,post,off,Exp,dot_recog,e,1,0,,,
418,,,,,,html-keyboard-response,418,924110,0.0-11.0-5.86-1.86,Chrome,135.0,Windows,10,undefined,undefined,1440 x 900,1440 x 749,6fz8rddjb35ptka,https://exponline.ugr.es/publix/939/983/start?srid=18226,614d9ea7c87980229c834d21,18,24,Poland,Male,Right-handed,,822,,,,,,,,,,,,,,"<div class=""InstrBx""><div class=""img-container""><img src=""stim/grasshopper_mooney_dot_on3.jpg"" style=""width: 500px; height: ""500px; transform: ; ""></img></div></div>",73,87,2,dot,grasshopper,grasshopper_mooney_dot_on3,target,horizontal_flip,pre,on,Exp,dot_recog,i,0,0,,,
422,,,,,,html-keyboard-response,422,925750,0.0-11.0-5.87-1.87,Chrome,135.0,Windows,10,undefined,undefined,1440 x 900,1440 x 749,6fz8rddjb35ptka,https://exponline.ugr.es/publix/939/983/start?srid=18226,614d9ea7c87980229c834d21,18,24,Poland,Male,Right-handed,,622,,,,,,,,,,,,,,"<div class=""InstrBx""><div class=""img-container""><img src=""stim/surfboard_mooney_dot_on1.jpg"" style=""width: 500px; height: ""500px; transform: ; ""></img></div></div>",69,88,2,dot,surfboard,surfboard_mooney_dot_on1,target,regular,pre,on,Exp,dot_recog,e,1,1,,,
426,,,,,,html-keyboard-response,426,927287,0.0-11.0-5.88-1.88,Chrome,135.0,Windows,10,undefined,undefined,1440 x 900,1440 x 749,6fz8rddjb35ptka,https://exponline.ugr.es/publix/939/983/start?srid=18226,614d9ea7c87980229c834d21,18,24,Poland,Male,Right-handed,,520.6000000000931,,,,,,,,,,,,,,"<div class=""InstrBx""><div class=""img-container""><img src=""stim/sandal_mooney_dot_off2.jpg"" style=""width: 500px; height: ""500px; transform: ; ""></img></div></div>",73,89,2,dot,sandal,sandal_mooney_dot_off2,catch,horizontal_flip,pre,off,Exp,dot_recog,i,0,1,,,
430,,,,,,html-keyboard-response,430,929143,0.0-11.0-5.89-1.89,Chrome,135.0,Windows,10,undefined,undefined,1440 x 900,1440 x 749,6fz8rddjb35ptka,https://exponline.ugr.es/publix/939/983/start?srid=18226,614d9ea7c87980229c834d21,18,24,Poland,Male,Right-handed,,826,,,,,,,,,,,,,,"<div class=""InstrBx""><div class=""img-container""><img src=""stim/bullet_mooney_dot_on7.jpg"" style=""width: 500px; height: ""500px; transform: scaleY(-1) ; ""></img></div></div>",73,90,2,dot,bullet,bullet_mooney_dot_on7,target,upside_down,post,on,Exp,dot_recog,i,0,0,,,
434,,,,,,html-keyboard-response,434,930815,0.0-11.0-5.90-1.90,Chrome,135.0,Windows,10,undefined,undefined,1440 x 900,1440 x 749,6fz8rddjb35ptka,https://exponline.ugr.es/publix/939/983/start?srid=18226,614d9ea7c87980229c834d21,18,24,Poland,Male,Right-handed,,645.5,,,,,,,,,,,,,,"<div class=""InstrBx""><div class=""img-container""><img src=""stim/surfboard_mooney_dot_off4.jpg"" style=""width: 500px; height: ""500px; transform: ; ""></img></div></div>",69,91,2,dot,surfboard,surfboard_mooney_dot_off4,target,regular,pre,off,Exp,dot_recog,e,1,0,,,
438,,,,,,html-keyboard-response,438,932390,0.0-11.0-5.91-1.91,Chrome,135.0,Windows,10,undefined,undefined,1440 x 900,1440 x 749,6fz8rddjb35ptka,https://exponline.ugr.es/publix/939/983/start?srid=18226,614d9ea7c87980229c834d21,18,24,Poland,Male,Right-handed,,549.8999999999069,,,,,,,,,,,,,,"<div class=""InstrBx""><div class=""img-container""><img src=""stim/sandal_mooney_dot_on3.jpg"" style=""width: 500px; height: ""500px; transform: ; ""></img></div></div>",73,92,2,dot,sandal,sandal_mooney_dot_on3,catch,horizontal_flip,pre,on,Exp,dot_recog,i,0,0,,,
442,,,,,,html-keyboard-response,442,934111,0.0-11.0-5.92-1.92,Chrome,135.0,Windows,10,undefined,undefined,1440 x 900,1440 x 749,6fz8rddjb35ptka,https://exponline.ugr.es/publix/939/983/start?srid=18226,614d9ea7c87980229c834d21,18,24,Poland,Male,Right-handed,,695.5,,,,,,,,,,,,,,"<div class=""InstrBx""><div class=""img-container""><img src=""stim/buoy_mooney_dot_on5.jpg"" style=""width: 500px; height: ""500px; transform: ; ""></img></div></div>",69,93,2,dot,buoy,buoy_mooney_dot_on5,target,horizontal_flip,post,on,Exp,dot_recog,e,1,1,,,
446,,,,,,html-keyboard-response,446,935687,0.0-11.0-5.93-1.93,Chrome,135.0,Windows,10,undefined,undefined,1440 x 900,1440 x 749,6fz8rddjb35ptka,https://exponline.ugr.es/publix/939/983/start?srid=18226,614d9ea7c87980229c834d21,18,24,Poland,Male,Right-handed,,556.9000000001397,,,,,,,,,,,,,,"<div class=""InstrBx""><div class=""img-container""><img src=""stim/surfboard_mooney_dot_off2.jpg"" style=""width: 500px; height: ""500px; transform: ; ""></img></div></div>",69,94,2,dot,surfboard,surfboard_mooney_dot_off2,target,regular,pre,off,Exp,dot_recog,e,1,0,,,
450,,,,,,html-keyboard-response,450,937695,0.0-11.0-5.94-1.94,Chrome,135.0,Windows,10,undefined,undefined,1440 x 900,1440 x 749,6fz8rddjb35ptka,https://exponline.ugr.es/publix/939/983/start?srid=18226,614d9ea7c87980229c834d21,18,24,Poland,Male,Right-handed,,983.3000000000466,,,,,,,,,,,,,,"<div class=""InstrBx""><div class=""img-container""><img src=""stim/candelabra_mooney_dot_on7.jpg"" style=""width: 500px; height: ""500px; transform: scaleY(-1) ; ""></img></div></div>",73,95,2,dot,candelabra,candelabra_mooney_dot_on7,catch,upside_down,post,on,Exp,dot_recog,i,0,0,,,
454,,,,,,html-keyboard-response,454,939351,0.0-11.0-5.95-1.95,Chrome,135.0,Windows,10,undefined,undefined,1440 x 900,1440 x 749,6fz8rddjb35ptka,https://exponline.ugr.es/publix/939/983/start?srid=18226,614d9ea7c87980229c834d21,18,24,Poland,Male,Right-handed,,629.1999999999534,,,,,,,,,,,,,,"<div class=""InstrBx""><div class=""img-container""><img src=""stim/lip_gloss_mooney_dot_on7.jpg"" style=""width: 500px; height: ""500px; transform: ; ""></img></div></div>",73,96,2,dot,lip_gloss,lip_gloss_mooney_dot_on7,target,regular,post,on,Exp,dot_recog,i,0,0,,,
458,,,,,,html-keyboard-response,458,940951,0.0-11.0-5.96-1.96,Chrome,135.0,Windows,10,undefined,undefined,1440 x 900,1440 x 749,6fz8rddjb35ptka,https://exponline.ugr.es/publix/939/983/start?srid=18226,614d9ea7c87980229c834d21,18,24,Poland,Male,Right-handed,,575.1999999999534,,,,,,,,,,,,,,"<div class=""InstrBx""><div class=""img-container""><img src=""stim/shears_mooney_dot_on3.jpg"" style=""width: 500px; height: ""500px; transform: scaleY(-1) ; ""></img></div></div>",73,97,2,dot,shears,shears_mooney_dot_on3,target,upside_down,pre,on,Exp,dot_recog,i,0,0,,,
462,,,,,,html-keyboard-response,462,942623,0.0-11.0-5.97-1.97,Chrome,135.0,Windows,10,undefined,undefined,1440 x 900,1440 x 749,6fz8rddjb35ptka,https://exponline.ugr.es/publix/939/983/start?srid=18226,614d9ea7c87980229c834d21,18,24,Poland,Male,Right-handed,,655.5,,,,,,,,,,,,,,"<div class=""InstrBx""><div class=""img-container""><img src=""stim/buoy_mooney_dot_off6.jpg"" style=""width: 500px; height: ""500px; transform: ; ""></img></div></div>",69,98,2,dot,buoy,buoy_mooney_dot_off6,target,horizontal_flip,post,off,Exp,dot_recog,e,1,0,,,
470,,,,,,survey-text-autocomplete,470,949387,0.0-11.0-6.98-4.98,Chrome,135.0,Windows,10,undefined,undefined,1440 x 900,1440 x 749,6fz8rddjb35ptka,https://exponline.ugr.es/publix/939/983/start?srid=18226,614d9ea7c87980229c834d21,18,24,Poland,Male,Right-handed,,,"{""recognition"":""shaft""}",,,,,,,,,,,,,,,99,2,recognition,surfboard,surfboard_mooney,target,regular,pre,null,Exp,Recognition,,,,shaft,0.6952780461983397,0.0
477,,,,,,survey-text-autocomplete,477,955413,0.0-11.0-6.99-4.99,Chrome,135.0,Windows,10,undefined,undefined,1440 x 900,1440 x 749,6fz8rddjb35ptka,https://exponline.ugr.es/publix/939/983/start?srid=18226,614d9ea7c87980229c834d21,18,24,Poland,Male,Right-handed,,,"{""recognition"":""antenna""}",,,,,,,,,,,,,,,100,2,recognition,grasshopper,grasshopper_mooney,target,horizontal_flip,pre,null,Exp,Recognition,,,,antenna,0.6809058066237017,0.0
484,,,,,,survey-text-autocomplete,484,959685,0.0-11.0-6.100-4.100,Chrome,135.0,Windows,10,undefined,undefined,1440 x 900,1440 x 749,6fz8rddjb35ptka,https://exponline.ugr.es/publix/939/983/start?srid=18226,614d9ea7c87980229c834d21,18,24,Poland,Male,Right-handed,,,"{""recognition"":""sword""}",,,,,,,,,,,,,,,101,2,recognition,shears,shears_mooney,target,upside_down,pre,null,Exp,Recognition,,,,sword,0.5421268604917817,0.0
491,,,,,,survey-text-autocomplete,491,964080,0.0-11.0-6.101-4.101,Chrome,135.0,Windows,10,undefined,undefined,1440 x 900,1440 x 749,6fz8rddjb35ptka,https://exponline.ugr.es/publix/939/983/start?srid=18226,614d9ea7c87980229c834d21,18,24,Poland,Male,Right-handed,,,"{""recognition"":""death chair""}",,,,,,,,,,,,,,,102,2,recognition,buoy,buoy_mooney,target,horizontal_flip,post,null,Exp,Recognition,,,,death_chair,0.7173824385652998,0.0
498,,,,,,survey-text-autocomplete,498,968506,0.0-11.0-6.102-4.102,Chrome,135.0,Windows,10,undefined,undefined,1440 x 900,1440 x 749,6fz8rddjb35ptka,https://exponline.ugr.es/publix/939/983/start?srid=18226,614d9ea7c87980229c834d21,18,24,Poland,Male,Right-handed,,,"{""recognition"":""bullet""}",,,,,,,,,,,,,,,103,2,recognition,bullet,bullet_mooney,target,upside_down,post,null,Exp,Recognition,,,,bullet,0.0,1.0
505,,,,,,survey-text-autocomplete,505,972532,0.0-11.0-6.103-4.103,Chrome,135.0,Windows,10,undefined,undefined,1440 x 900,1440 x 749,6fz8rddjb35ptka,https://exponline.ugr.es/publix/939/983/start?srid=18226,614d9ea7c87980229c834d21,18,24,Poland,Male,Right-handed,,,"{""recognition"":""deaf-aid""}",,,,,,,,,,,,,,,104,2,recognition,sandal,sandal_mooney,catch,horizontal_flip,pre,null,Exp,Recognition,,,,deaf-aid,0.8751473836670307,0.0
512,,,,,,survey-text-autocomplete,512,978935,0.0-11.0-6.104-4.104,Chrome,135.0,Windows,10,undefined,undefined,1440 x 900,1440 x 749,6fz8rddjb35ptka,https://exponline.ugr.es/publix/939/983/start?srid=18226,614d9ea7c87980229c834d21,18,24,Poland,Male,Right-handed,,,"{""recognition"":""copier""}",,,,,,,,,,,,,,,105,2,recognition,candelabra,candelabra_mooney,catch,upside_down,post,null,Exp,Recognition,,,,copier,0.8095483058052058,0.0
519,,,,,,survey-text-autocomplete,519,982885,0.0-11.0-6.105-4.105,Chrome,135.0,Windows,10,undefined,undefined,1440 x 900,1440 x 749,6fz8rddjb35ptka,https://exponline.ugr.es/publix/939/983/start?srid=18226,614d9ea7c87980229c834d21,18,24,Poland,Male,Right-handed,,,"{""recognition"":""sword""}",,,,,,,,,,,,,,,106,2,recognition,lip_gloss,lip_gloss_mooney,target,regular,post,null,Exp,Recognition,,,,sword,0.8542011219568488,0.0
526,,,,,,survey-text-autocomplete,526,993283,0.0-11.0-6.106-4.106,Chrome,135.0,Windows,10,undefined,undefined,1440 x 900,1440 x 749,6fz8rddjb35ptka,https://exponline.ugr.es/publix/939/983/start?srid=18226,614d9ea7c87980229c834d21,18,24,Poland,Male,Right-handed,,,"{""recognition"":""antelope""}",,,,,,,,,,,,,,,107,2,recognition,grasshopper,grasshopper,target,horizontal_flip,color,null,Exp,Recognition,,,,antelope,0.4890480623245014,0.0
533,,,,,,survey-text-autocomplete,533,1001740,0.0-11.0-6.107-4.107,Chrome,135.0,Windows,10,undefined,undefined,1440 x 900,1440 x 749,6fz8rddjb35ptka,https://exponline.ugr.es/publix/939/983/start?srid=18226,614d9ea7c87980229c834d21,18,24,Poland,Male,Right-handed,,,"{""recognition"":""wafer""}",,,,,,,,,,,,,,,108,2,recognition,shears,shears,target,upside_down,color,null,Exp,Recognition,,,,wafer,0.6658420860474588,0.0
542,,,,,,survey-text-autocomplete,542,1015382,0.0-11.0-6.108-4.108,Chrome,135.0,Windows,10,undefined,undefined,1440 x 900,1440 x 749,6fz8rddjb35ptka,https://exponline.ugr.es/publix/939/983/start?srid=18226,614d9ea7c87980229c834d21,18,24,Poland,Male,Right-handed,,,"{""recognition"":""board""}",,,,,,,,,,,,,,,109,2,recognition,surfboard,surfboard,target,regular,color,null,Exp,Recognition,,,,board,0.7634293663352194,0.0
548,,,,,,html-keyboard-response,548,1020340,0.0-11.0-5.109-1.109,Chrome,135.0,Windows,10,undefined,undefined,1440 x 900,1440 x 749,6fz8rddjb35ptka,https://exponline.ugr.es/publix/939/983/start?srid=18226,614d9ea7c87980229c834d21,18,24,Poland,Male,Right-handed,,849.3000000000466,,,,,,,,,,,,,,"<div class=""InstrBx""><div class=""img-container""><img src=""stim/sandal_mooney_dot_off6.jpg"" style=""width: 500px; height: ""500px; transform: ; ""></img></div></div>",73,110,3,dot,sandal,sandal_mooney_dot_off6,catch,horizontal_flip,post,off,Exp,dot_recog,i,0,1,,,
552,,,,,,html-keyboard-response,552,1021924,0.0-11.0-5.110-1.110,Chrome,135.0,Windows,10,undefined,undefined,1440 x 900,1440 x 749,6fz8rddjb35ptka,https://exponline.ugr.es/publix/939/983/start?srid=18226,614d9ea7c87980229c834d21,18,24,Poland,Male,Right-handed,,558,,,,,,,,,,,,,,"<div class=""InstrBx""><div class=""img-container""><img src=""stim/magnifier_mooney_dot_off4.jpg"" style=""width: 500px; height: ""500px; transform: ; ""></img></div></div>",73,111,3,dot,magnifier,magnifier_mooney_dot_off4,target,regular,pre,off,Exp,dot_recog,i,0,1,,,
556,,,,,,html-keyboard-response,556,1023412,0.0-11.0-5.111-1.111,Chrome,135.0,Windows,10,undefined,undefined,1440 x 900,1440 x 749,6fz8rddjb35ptka,https://exponline.ugr.es/publix/939/983/start?srid=18226,614d9ea7c87980229c834d21,18,24,Poland,Male,Right-handed,,468.5,,,,,,,,,,,,,,"<div class=""InstrBx""><div class=""img-container""><img src=""stim/grasshopper_mooney_dot_on7.jpg"" style=""width: 500px; height: ""500px; transform: ; ""></img></div></div>",73,112,3,dot,grasshopper,grasshopper_mooney_dot_on7,target,horizontal_flip,post,on,Exp,dot_recog,i,0,0,,,
560,,,,,,html-keyboard-response,560,1025196,0.0-11.0-5.112-1.112,Chrome,135.0,Windows,10,undefined,undefined,1440 x 900,1440 x 749,6fz8rddjb35ptka,https://exponline.ugr.es/publix/939/983/start?srid=18226,614d9ea7c87980229c834d21,18,24,Poland,Male,Right-handed,,757.4000000001397,,,,,,,,,,,,,,"<div class=""InstrBx""><div class=""img-container""><img src=""stim/puffin_mooney_dot_off2.jpg"" style=""width: 500px; height: ""500px; transform: scaleY(-1) ; ""></img></div></div>",73,113,3,dot,puffin,puffin_mooney_dot_off2,target,upside_down,pre,off,Exp,dot_recog,i,0,1,,,
564,,,,,,html-keyboard-response,564,1026804,0.0-11.0-5.113-1.113,Chrome,135.0,Windows,10,undefined,undefined,1440 x 900,1440 x 749,6fz8rddjb35ptka,https://exponline.ugr.es/publix/939/983/start?srid=18226,614d9ea7c87980229c834d21,18,24,Poland,Male,Right-handed,,581.8000000000466,,,,,,,,,,,,,,"<div class=""InstrBx""><div class=""img-container""><img src=""stim/sandal_mooney_dot_off8.jpg"" style=""width: 500px; height: ""500px; transform: ; ""></img></div></div>",73,114,3,dot,sandal,sandal_mooney_dot_off8,catch,horizontal_flip,post,off,Exp,dot_recog,i,0,1,,,
568,,,,,,html-keyboard-response,568,1028252,0.0-11.0-5.114-1.114,Chrome,135.0,Windows,10,undefined,undefined,1440 x 900,1440 x 749,6fz8rddjb35ptka,https://exponline.ugr.es/publix/939/983/start?srid=18226,614d9ea7c87980229c834d21,18,24,Poland,Male,Right-handed,,423.5999999998603,,,,,,,,,,,,,,"<div class=""InstrBx""><div class=""img-container""><img src=""stim/magnifier_mooney_dot_off2.jpg"" style=""width: 500px; height: ""500px; transform: ; ""></img></div></div>",73,115,3,dot,magnifier,magnifier_mooney_dot_off2,target,regular,pre,off,Exp,dot_recog,i,0,1,,,
572,,,,,,html-keyboard-response,572,1029812,0.0-11.0-5.115-1.115,Chrome,135.0,Windows,10,undefined,undefined,1440 x 900,1440 x 749,6fz8rddjb35ptka,https://exponline.ugr.es/publix/939/983/start?srid=18226,614d9ea7c87980229c834d21,18,24,Poland,Male,Right-handed,,531.9000000001397,,,,,,,,,,,,,,"<div class=""InstrBx""><div class=""img-container""><img src=""stim/sandal_mooney_dot_on5.jpg"" style=""width: 500px; height: ""500px; transform: ; ""></img></div></div>",73,116,3,dot,sandal,sandal_mooney_dot_on5,catch,horizontal_flip,post,on,Exp,dot_recog,i,0,0,,,
