index,rt,stimulus,key_press,trial_number,block,block_type,image_id,filename,image_type,manipulation,phase,dot_position,subject,trial_type,trial_index,time_elapsed,internal_node_id,browser_name,browser_version,os_name,os_version,tablet,mobile,screen_resolution,window_resolution,subject_url,subject_ProlificID,designmatrix_ID,age,nationality,gender,handedness,Exp_part,trial_part,RawResponse,dot_resp,dot_acc,responses,verbal_id,semantic_distance,verbal_acc_corrected
0,1294,"<div class=""InstrBx""><div class=""img-container""><img src=""stim/snail_mooney_dot_off2.jpg"" style=""width: 500px; height: ""500px; transform: ; ""></img></div></div>",69,1,0,dot,snail,snail_mooney_dot_off2,catch,regular,pre,off,0skdn6l7m6uh0fx,html-keyboard-response,14,168201,0.0-11.0-5.0-1.0,Firefox,137.0,Windows,10,undefined,undefined,2048 x 1152,2048 x 972,https://exponline.ugr.es/publix/939/997/start?srid=18438,5ceef0e84f74e10001809db1,23,30,United States,Male,Right-handed,Exp,dot_recog,e,1,0,,,,
1,2178,"<div class=""InstrBx""><div class=""img-container""><img src=""stim/gargoyle_mooney_dot_off4.jpg"" style=""width: 500px; height: ""500px; transform: scaleY(-1) ; ""></img></div></div>",73,2,0,dot,gargoyle,gargoyle_mooney_dot_off4,target,upside_down,pre,off,0skdn6l7m6uh0fx,html-keyboard-response,18,171385,0.0-11.0-5.1-1.1,Firefox,137.0,Windows,10,undefined,undefined,2048 x 1152,2048 x 972,https://exponline.ugr.es/publix/939/997/start?srid=18438,5ceef0e84f74e10001809db1,23,30,United States,Male,Right-handed,Exp,dot_recog,i,0,1,,,,
2,2115,"<div class=""InstrBx""><div class=""img-container""><img src=""stim/polar_bear_mooney_dot_off4.jpg"" style=""width: 500px; height: ""500px; transform: ; ""></img></div></div>",73,3,0,dot,polar_bear,polar_bear_mooney_dot_off4,target,regular,pre,off,0skdn6l7m6uh0fx,html-keyboard-response,22,174505,0.0-11.0-5.2-1.2,Firefox,137.0,Windows,10,undefined,undefined,2048 x 1152,2048 x 972,https://exponline.ugr.es/publix/939/997/start?srid=18438,5ceef0e84f74e10001809db1,23,30,United States,Male,Right-handed,Exp,dot_recog,i,0,1,,,,
3,1084,"<div class=""InstrBx""><div class=""img-container""><img src=""stim/pomegranate_mooney_dot_on1.jpg"" style=""width: 500px; height: ""500px; transform: ; ""></img></div></div>",73,4,0,dot,pomegranate,pomegranate_mooney_dot_on1,target,horizontal_flip,pre,on,0skdn6l7m6uh0fx,html-keyboard-response,26,176642,0.0-11.0-5.3-1.3,Firefox,137.0,Windows,10,undefined,undefined,2048 x 1152,2048 x 972,https://exponline.ugr.es/publix/939/997/start?srid=18438,5ceef0e84f74e10001809db1,23,30,United States,Male,Right-handed,Exp,dot_recog,i,0,0,,,,
4,1127,"<div class=""InstrBx""><div class=""img-container""><img src=""stim/snail_mooney_dot_off4.jpg"" style=""width: 500px; height: ""500px; transform: ; ""></img></div></div>",73,5,0,dot,snail,snail_mooney_dot_off4,catch,regular,pre,off,0skdn6l7m6uh0fx,html-keyboard-response,30,178778,0.0-11.0-5.4-1.4,Firefox,137.0,Windows,10,undefined,undefined,2048 x 1152,2048 x 972,https://exponline.ugr.es/publix/939/997/start?srid=18438,5ceef0e84f74e10001809db1,23,30,United States,Male,Right-handed,Exp,dot_recog,i,0,1,,,,
5,2170,"<div class=""InstrBx""><div class=""img-container""><img src=""stim/polar_bear_mooney_dot_on1.jpg"" style=""width: 500px; height: ""500px; transform: ; ""></img></div></div>",69,6,0,dot,polar_bear,polar_bear_mooney_dot_on1,target,regular,pre,on,0skdn6l7m6uh0fx,html-keyboard-response,34,181962,0.0-11.0-5.5-1.5,Firefox,137.0,Windows,10,undefined,undefined,2048 x 1152,2048 x 972,https://exponline.ugr.es/publix/939/997/start?srid=18438,5ceef0e84f74e10001809db1,23,30,United States,Male,Right-handed,Exp,dot_recog,e,1,1,,,,
6,1459,"<div class=""InstrBx""><div class=""img-container""><img src=""stim/gargoyle_mooney_dot_on3.jpg"" style=""width: 500px; height: ""500px; transform: scaleY(-1) ; ""></img></div></div>",69,7,0,dot,gargoyle,gargoyle_mooney_dot_on3,target,upside_down,pre,on,0skdn6l7m6uh0fx,html-keyboard-response,38,184427,0.0-11.0-5.6-1.6,Firefox,137.0,Windows,10,undefined,undefined,2048 x 1152,2048 x 972,https://exponline.ugr.es/publix/939/997/start?srid=18438,5ceef0e84f74e10001809db1,23,30,United States,Male,Right-handed,Exp,dot_recog,e,1,1,,,,
7,1172,"<div class=""InstrBx""><div class=""img-container""><img src=""stim/polar_bear_mooney_dot_on3.jpg"" style=""width: 500px; height: ""500px; transform: ; ""></img></div></div>",69,8,0,dot,polar_bear,polar_bear_mooney_dot_on3,target,regular,pre,on,0skdn6l7m6uh0fx,html-keyboard-response,42,186602,0.0-11.0-5.7-1.7,Firefox,137.0,Windows,10,undefined,undefined,2048 x 1152,2048 x 972,https://exponline.ugr.es/publix/939/997/start?srid=18438,5ceef0e84f74e10001809db1,23,30,United States,Male,Right-handed,Exp,dot_recog,e,1,1,,,,
8,891,"<div class=""InstrBx""><div class=""img-container""><img src=""stim/pomegranate_mooney_dot_off2.jpg"" style=""width: 500px; height: ""500px; transform: ; ""></img></div></div>",69,9,0,dot,pomegranate,pomegranate_mooney_dot_off2,target,horizontal_flip,pre,off,0skdn6l7m6uh0fx,html-keyboard-response,46,188507,0.0-11.0-5.8-1.8,Firefox,137.0,Windows,10,undefined,undefined,2048 x 1152,2048 x 972,https://exponline.ugr.es/publix/939/997/start?srid=18438,5ceef0e84f74e10001809db1,23,30,United States,Male,Right-handed,Exp,dot_recog,e,1,0,,,,
9,1827,"<div class=""InstrBx""><div class=""img-container""><img src=""stim/polar_bear_mooney_dot_off2.jpg"" style=""width: 500px; height: ""500px; transform: ; ""></img></div></div>",73,10,0,dot,polar_bear,polar_bear_mooney_dot_off2,target,regular,pre,off,0skdn6l7m6uh0fx,html-keyboard-response,50,191340,0.0-11.0-5.9-1.9,Firefox,137.0,Windows,10,undefined,undefined,2048 x 1152,2048 x 972,https://exponline.ugr.es/publix/939/997/start?srid=18438,5ceef0e84f74e10001809db1,23,30,United States,Male,Right-handed,Exp,dot_recog,i,0,1,,,,
10,1532,"<div class=""InstrBx""><div class=""img-container""><img src=""stim/pomegranate_mooney_dot_on3.jpg"" style=""width: 500px; height: ""500px; transform: ; ""></img></div></div>",69,11,0,dot,pomegranate,pomegranate_mooney_dot_on3,target,horizontal_flip,pre,on,0skdn6l7m6uh0fx,html-keyboard-response,54,193883,0.0-11.0-5.10-1.10,Firefox,137.0,Windows,10,undefined,undefined,2048 x 1152,2048 x 972,https://exponline.ugr.es/publix/939/997/start?srid=18438,5ceef0e84f74e10001809db1,23,30,United States,Male,Right-handed,Exp,dot_recog,e,1,1,,,,
11,1088,"<div class=""InstrBx""><div class=""img-container""><img src=""stim/gargoyle_mooney_dot_off2.jpg"" style=""width: 500px; height: ""500px; transform: scaleY(-1) ; ""></img></div></div>",73,12,0,dot,gargoyle,gargoyle_mooney_dot_off2,target,upside_down,pre,off,0skdn6l7m6uh0fx,html-keyboard-response,58,195987,0.0-11.0-5.11-1.11,Firefox,137.0,Windows,10,undefined,undefined,2048 x 1152,2048 x 972,https://exponline.ugr.es/publix/939/997/start?srid=18438,5ceef0e84f74e10001809db1,23,30,United States,Male,Right-handed,Exp,dot_recog,i,0,1,,,,
12,2104,"<div class=""InstrBx""><div class=""img-container""><img src=""stim/snail_mooney_dot_on1.jpg"" style=""width: 500px; height: ""500px; transform: ; ""></img></div></div>",69,13,0,dot,snail,snail_mooney_dot_on1,catch,regular,pre,on,0skdn6l7m6uh0fx,html-keyboard-response,62,199109,0.0-11.0-5.12-1.12,Firefox,137.0,Windows,10,undefined,undefined,2048 x 1152,2048 x 972,https://exponline.ugr.es/publix/939/997/start?srid=18438,5ceef0e84f74e10001809db1,23,30,United States,Male,Right-handed,Exp,dot_recog,e,1,1,,,,
13,750,"<div class=""InstrBx""><div class=""img-container""><img src=""stim/gargoyle_mooney_dot_on1.jpg"" style=""width: 500px; height: ""500px; transform: scaleY(-1) ; ""></img></div></div>",73,14,0,dot,gargoyle,gargoyle_mooney_dot_on1,target,upside_down,pre,on,0skdn6l7m6uh0fx,html-keyboard-response,66,200861,0.0-11.0-5.13-1.13,Firefox,137.0,Windows,10,undefined,undefined,2048 x 1152,2048 x 972,https://exponline.ugr.es/publix/939/997/start?srid=18438,5ceef0e84f74e10001809db1,23,30,United States,Male,Right-handed,Exp,dot_recog,i,0,0,,,,
14,713,"<div class=""InstrBx""><div class=""img-container""><img src=""stim/snail_mooney_dot_on3.jpg"" style=""width: 500px; height: ""500px; transform: ; ""></img></div></div>",69,15,0,dot,snail,snail_mooney_dot_on3,catch,regular,pre,on,0skdn6l7m6uh0fx,html-keyboard-response,70,202580,0.0-11.0-5.14-1.14,Firefox,137.0,Windows,10,undefined,undefined,2048 x 1152,2048 x 972,https://exponline.ugr.es/publix/939/997/start?srid=18438,5ceef0e84f74e10001809db1,23,30,United States,Male,Right-handed,Exp,dot_recog,e,1,1,,,,
15,534,"<div class=""InstrBx""><div class=""img-container""><img src=""stim/pomegranate_mooney_dot_off4.jpg"" style=""width: 500px; height: ""500px; transform: ; ""></img></div></div>",69,16,0,dot,pomegranate,pomegranate_mooney_dot_off4,target,horizontal_flip,pre,off,0skdn6l7m6uh0fx,html-keyboard-response,74,204124,0.0-11.0-5.15-1.15,Firefox,137.0,Windows,10,undefined,undefined,2048 x 1152,2048 x 972,https://exponline.ugr.es/publix/939/997/start?srid=18438,5ceef0e84f74e10001809db1,23,30,United States,Male,Right-handed,Exp,dot_recog,e,1,0,,,,
16,,,,17,0,recognition,snail,snail_mooney,catch,regular,pre,null,0skdn6l7m6uh0fx,survey-text-autocomplete,82,212047,0.0-11.0-6.16-4.16,Firefox,137.0,Windows,10,undefined,undefined,2048 x 1152,2048 x 972,https://exponline.ugr.es/publix/939/997/start?srid=18438,5ceef0e84f74e10001809db1,23,30,United States,Male,Right-handed,Exp,Recognition,,,,"{""recognition"":""rabbit""}",rabbit,0.4174669527226317,0.0
17,,,,18,0,recognition,pomegranate,pomegranate_mooney,target,horizontal_flip,pre,null,0skdn6l7m6uh0fx,survey-text-autocomplete,89,233889,0.0-11.0-6.17-4.17,Firefox,137.0,Windows,10,undefined,undefined,2048 x 1152,2048 x 972,https://exponline.ugr.es/publix/939/997/start?srid=18438,5ceef0e84f74e10001809db1,23,30,United States,Male,Right-handed,Exp,Recognition,,,,"""timeout""",,,0.0
18,,,,19,0,recognition,gargoyle,gargoyle_mooney,target,upside_down,pre,null,0skdn6l7m6uh0fx,survey-text-autocomplete,96,239410,0.0-11.0-6.18-4.18,Firefox,137.0,Windows,10,undefined,undefined,2048 x 1152,2048 x 972,https://exponline.ugr.es/publix/939/997/start?srid=18438,5ceef0e84f74e10001809db1,23,30,United States,Male,Right-handed,Exp,Recognition,,,,"{""recognition"":""dolphin""}",dolphin,0.6379935905225804,0.0
19,,,,20,0,recognition,polar_bear,polar_bear_mooney,target,regular,pre,null,0skdn6l7m6uh0fx,survey-text-autocomplete,103,245621,0.0-11.0-6.19-4.19,Firefox,137.0,Windows,10,undefined,undefined,2048 x 1152,2048 x 972,https://exponline.ugr.es/publix/939/997/start?srid=18438,5ceef0e84f74e10001809db1,23,30,United States,Male,Right-handed,Exp,Recognition,,,,"{""recognition"":""map""}",map,0.7591411689355076,0.0
20,,,,21,0,recognition,pomegranate,pomegranate,target,horizontal_flip,color,null,0skdn6l7m6uh0fx,survey-text-autocomplete,110,254491,0.0-11.0-6.20-4.20,Firefox,137.0,Windows,10,undefined,undefined,2048 x 1152,2048 x 972,https://exponline.ugr.es/publix/939/997/start?srid=18438,5ceef0e84f74e10001809db1,23,30,United States,Male,Right-handed,Exp,Recognition,,,,"{""recognition"":""pomegranate""}",pomegranate,0.0,1.0
21,,,,22,0,recognition,polar_bear,polar_bear,target,regular,color,null,0skdn6l7m6uh0fx,survey-text-autocomplete,117,259017,0.0-11.0-6.21-4.21,Firefox,137.0,Windows,10,undefined,undefined,2048 x 1152,2048 x 972,https://exponline.ugr.es/publix/939/997/start?srid=18438,5ceef0e84f74e10001809db1,23,30,United States,Male,Right-handed,Exp,Recognition,,,,"{""recognition"":""polar bear""}",polar_bear,0.0,1.0
22,,,,23,0,recognition,gargoyle,gargoyle,target,upside_down,color,null,0skdn6l7m6uh0fx,survey-text-autocomplete,124,263484,0.0-11.0-6.22-4.22,Firefox,137.0,Windows,10,undefined,undefined,2048 x 1152,2048 x 972,https://exponline.ugr.es/publix/939/997/start?srid=18438,5ceef0e84f74e10001809db1,23,30,United States,Male,Right-handed,Exp,Recognition,,,,"{""recognition"":""camel""}",camel,0.6057321131465158,0.0
23,3046,"<div class=""InstrBx""><div class=""img-container""><img src=""stim/snail_mooney_dot_off6.jpg"" style=""width: 500px; height: ""500px; transform: ; ""></img></div></div>",73,24,1,dot,snail,snail_mooney_dot_off6,catch,regular,post,off,0skdn6l7m6uh0fx,html-keyboard-response,130,271436,0.0-11.0-5.23-1.23,Firefox,137.0,Windows,10,undefined,undefined,2048 x 1152,2048 x 972,https://exponline.ugr.es/publix/939/997/start?srid=18438,5ceef0e84f74e10001809db1,23,30,United States,Male,Right-handed,Exp,dot_recog,i,0,1,,,,
24,1466,"<div class=""InstrBx""><div class=""img-container""><img src=""stim/sardine_mooney_dot_off4.jpg"" style=""width: 500px; height: ""500px; transform: ; ""></img></div></div>",69,25,1,dot,sardine,sardine_mooney_dot_off4,target,horizontal_flip,pre,off,0skdn6l7m6uh0fx,html-keyboard-response,134,273909,0.0-11.0-5.24-1.24,Firefox,137.0,Windows,10,undefined,undefined,2048 x 1152,2048 x 972,https://exponline.ugr.es/publix/939/997/start?srid=18438,5ceef0e84f74e10001809db1,23,30,United States,Male,Right-handed,Exp,dot_recog,e,1,0,,,,
25,1464,"<div class=""InstrBx""><div class=""img-container""><img src=""stim/gutter_mooney_dot_on1.jpg"" style=""width: 500px; height: ""500px; transform: scaleY(-1) ; ""></img></div></div>",69,26,1,dot,gutter,gutter_mooney_dot_on1,catch,upside_down,pre,on,0skdn6l7m6uh0fx,html-keyboard-response,138,276389,0.0-11.0-5.25-1.25,Firefox,137.0,Windows,10,undefined,undefined,2048 x 1152,2048 x 972,https://exponline.ugr.es/publix/939/997/start?srid=18438,5ceef0e84f74e10001809db1,23,30,United States,Male,Right-handed,Exp,dot_recog,e,1,1,,,,
26,2812,"<div class=""InstrBx""><div class=""img-container""><img src=""stim/shears_mooney_dot_off4.jpg"" style=""width: 500px; height: ""500px; transform: ; ""></img></div></div>",69,27,1,dot,shears,shears_mooney_dot_off4,target,regular,pre,off,0skdn6l7m6uh0fx,html-keyboard-response,142,280205,0.0-11.0-5.26-1.26,Firefox,137.0,Windows,10,undefined,undefined,2048 x 1152,2048 x 972,https://exponline.ugr.es/publix/939/997/start?srid=18438,5ceef0e84f74e10001809db1,23,30,United States,Male,Right-handed,Exp,dot_recog,e,1,0,,,,
27,2906,"<div class=""InstrBx""><div class=""img-container""><img src=""stim/gargoyle_mooney_dot_off6.jpg"" style=""width: 500px; height: ""500px; transform: scaleY(-1) ; ""></img></div></div>",73,28,1,dot,gargoyle,gargoyle_mooney_dot_off6,target,upside_down,post,off,0skdn6l7m6uh0fx,html-keyboard-response,146,284126,0.0-11.0-5.27-1.27,Firefox,137.0,Windows,10,undefined,undefined,2048 x 1152,2048 x 972,https://exponline.ugr.es/publix/939/997/start?srid=18438,5ceef0e84f74e10001809db1,23,30,United States,Male,Right-handed,Exp,dot_recog,i,0,1,,,,
28,2928,"<div class=""InstrBx""><div class=""img-container""><img src=""stim/carriage_mooney_dot_on3.jpg"" style=""width: 500px; height: ""500px; transform: scaleY(-1) ; ""></img></div></div>",73,29,1,dot,carriage,carriage_mooney_dot_on3,target,upside_down,pre,on,0skdn6l7m6uh0fx,html-keyboard-response,150,288070,0.0-11.0-5.28-1.28,Firefox,137.0,Windows,10,undefined,undefined,2048 x 1152,2048 x 972,https://exponline.ugr.es/publix/939/997/start?srid=18438,5ceef0e84f74e10001809db1,23,30,United States,Male,Right-handed,Exp,dot_recog,i,0,0,,,,
29,1899,"<div class=""InstrBx""><div class=""img-container""><img src=""stim/pomegranate_mooney_dot_on5.jpg"" style=""width: 500px; height: ""500px; transform: ; ""></img></div></div>",69,30,1,dot,pomegranate,pomegranate_mooney_dot_on5,target,horizontal_flip,post,on,0skdn6l7m6uh0fx,html-keyboard-response,154,290982,0.0-11.0-5.29-1.29,Firefox,137.0,Windows,10,undefined,undefined,2048 x 1152,2048 x 972,https://exponline.ugr.es/publix/939/997/start?srid=18438,5ceef0e84f74e10001809db1,23,30,United States,Male,Right-handed,Exp,dot_recog,e,1,1,,,,
30,1012,"<div class=""InstrBx""><div class=""img-container""><img src=""stim/gutter_mooney_dot_off2.jpg"" style=""width: 500px; height: ""500px; transform: scaleY(-1) ; ""></img></div></div>",73,31,1,dot,gutter,gutter_mooney_dot_off2,catch,upside_down,pre,off,0skdn6l7m6uh0fx,html-keyboard-response,158,293006,0.0-11.0-5.30-1.30,Firefox,137.0,Windows,10,undefined,undefined,2048 x 1152,2048 x 972,https://exponline.ugr.es/publix/939/997/start?srid=18438,5ceef0e84f74e10001809db1,23,30,United States,Male,Right-handed,Exp,dot_recog,i,0,1,,,,
31,1182,"<div class=""InstrBx""><div class=""img-container""><img src=""stim/carriage_mooney_dot_off4.jpg"" style=""width: 500px; height: ""500px; transform: scaleY(-1) ; ""></img></div></div>",73,32,1,dot,carriage,carriage_mooney_dot_off4,target,upside_down,pre,off,0skdn6l7m6uh0fx,html-keyboard-response,162,295206,0.0-11.0-5.31-1.31,Firefox,137.0,Windows,10,undefined,undefined,2048 x 1152,2048 x 972,https://exponline.ugr.es/publix/939/997/start?srid=18438,5ceef0e84f74e10001809db1,23,30,United States,Male,Right-handed,Exp,dot_recog,i,0,1,,,,
32,1906,"<div class=""InstrBx""><div class=""img-container""><img src=""stim/shears_mooney_dot_off2.jpg"" style=""width: 500px; height: ""500px; transform: ; ""></img></div></div>",73,33,1,dot,shears,shears_mooney_dot_off2,target,regular,pre,off,0skdn6l7m6uh0fx,html-keyboard-response,166,298127,0.0-11.0-5.32-1.32,Firefox,137.0,Windows,10,undefined,undefined,2048 x 1152,2048 x 972,https://exponline.ugr.es/publix/939/997/start?srid=18438,5ceef0e84f74e10001809db1,23,30,United States,Male,Right-handed,Exp,dot_recog,i,0,1,,,,
33,3082,"<div class=""InstrBx""><div class=""img-container""><img src=""stim/gutter_mooney_dot_off4.jpg"" style=""width: 500px; height: ""500px; transform: scaleY(-1) ; ""></img></div></div>",73,34,1,dot,gutter,gutter_mooney_dot_off4,catch,upside_down,pre,off,0skdn6l7m6uh0fx,html-keyboard-response,170,302248,0.0-11.0-5.33-1.33,Firefox,137.0,Windows,10,undefined,undefined,2048 x 1152,2048 x 972,https://exponline.ugr.es/publix/939/997/start?srid=18438,5ceef0e84f74e10001809db1,23,30,United States,Male,Right-handed,Exp,dot_recog,i,0,1,,,,
34,1223,"<div class=""InstrBx""><div class=""img-container""><img src=""stim/pomegranate_mooney_dot_off8.jpg"" style=""width: 500px; height: ""500px; transform: ; ""></img></div></div>",73,35,1,dot,pomegranate,pomegranate_mooney_dot_off8,target,horizontal_flip,post,off,0skdn6l7m6uh0fx,html-keyboard-response,174,304479,0.0-11.0-5.34-1.34,Firefox,137.0,Windows,10,undefined,undefined,2048 x 1152,2048 x 972,https://exponline.ugr.es/publix/939/997/start?srid=18438,5ceef0e84f74e10001809db1,23,30,United States,Male,Right-handed,Exp,dot_recog,i,0,1,,,,
35,3000,"<div class=""InstrBx""><div class=""img-container""><img src=""stim/shears_mooney_dot_on3.jpg"" style=""width: 500px; height: ""500px; transform: ; ""></img></div></div>",73,36,1,dot,shears,shears_mooney_dot_on3,target,regular,pre,on,0skdn6l7m6uh0fx,html-keyboard-response,178,308488,0.0-11.0-5.35-1.35,Firefox,137.0,Windows,10,undefined,undefined,2048 x 1152,2048 x 972,https://exponline.ugr.es/publix/939/997/start?srid=18438,5ceef0e84f74e10001809db1,23,30,United States,Male,Right-handed,Exp,dot_recog,i,0,0,,,,
36,886,"<div class=""InstrBx""><div class=""img-container""><img src=""stim/carriage_mooney_dot_off2.jpg"" style=""width: 500px; height: ""500px; transform: scaleY(-1) ; ""></img></div></div>",69,37,1,dot,carriage,carriage_mooney_dot_off2,target,upside_down,pre,off,0skdn6l7m6uh0fx,html-keyboard-response,182,310392,0.0-11.0-5.36-1.36,Firefox,137.0,Windows,10,undefined,undefined,2048 x 1152,2048 x 972,https://exponline.ugr.es/publix/939/997/start?srid=18438,5ceef0e84f74e10001809db1,23,30,United States,Male,Right-handed,Exp,dot_recog,e,1,0,,,,
37,602,"<div class=""InstrBx""><div class=""img-container""><img src=""stim/gutter_mooney_dot_on3.jpg"" style=""width: 500px; height: ""500px; transform: scaleY(-1) ; ""></img></div></div>",69,38,1,dot,gutter,gutter_mooney_dot_on3,catch,upside_down,pre,on,0skdn6l7m6uh0fx,html-keyboard-response,186,312001,0.0-11.0-5.37-1.37,Firefox,137.0,Windows,10,undefined,undefined,2048 x 1152,2048 x 972,https://exponline.ugr.es/publix/939/997/start?srid=18438,5ceef0e84f74e10001809db1,23,30,United States,Male,Right-handed,Exp,dot_recog,e,1,1,,,,
38,2661,"<div class=""InstrBx""><div class=""img-container""><img src=""stim/sardine_mooney_dot_on3.jpg"" style=""width: 500px; height: ""500px; transform: ; ""></img></div></div>",73,39,1,dot,sardine,sardine_mooney_dot_on3,target,horizontal_flip,pre,on,0skdn6l7m6uh0fx,html-keyboard-response,190,315672,0.0-11.0-5.38-1.38,Firefox,137.0,Windows,10,undefined,undefined,2048 x 1152,2048 x 972,https://exponline.ugr.es/publix/939/997/start?srid=18438,5ceef0e84f74e10001809db1,23,30,United States,Male,Right-handed,Exp,dot_recog,i,0,0,,,,
39,917,"<div class=""InstrBx""><div class=""img-container""><img src=""stim/polar_bear_mooney_dot_off8.jpg"" style=""width: 500px; height: ""500px; transform: ; ""></img></div></div>",73,40,1,dot,polar_bear,polar_bear_mooney_dot_off8,target,regular,post,off,0skdn6l7m6uh0fx,html-keyboard-response,194,317601,0.0-11.0-5.39-1.39,Firefox,137.0,Windows,10,undefined,undefined,2048 x 1152,2048 x 972,https://exponline.ugr.es/publix/939/997/start?srid=18438,5ceef0e84f74e10001809db1,23,30,United States,Male,Right-handed,Exp,dot_recog,i,0,1,,,,
40,2647,"<div class=""InstrBx""><div class=""img-container""><img src=""stim/sardine_mooney_dot_off2.jpg"" style=""width: 500px; height: ""500px; transform: ; ""></img></div></div>",73,41,1,dot,sardine,sardine_mooney_dot_off2,target,horizontal_flip,pre,off,0skdn6l7m6uh0fx,html-keyboard-response,198,321258,0.0-11.0-5.40-1.40,Firefox,137.0,Windows,10,undefined,undefined,2048 x 1152,2048 x 972,https://exponline.ugr.es/publix/939/997/start?srid=18438,5ceef0e84f74e10001809db1,23,30,United States,Male,Right-handed,Exp,dot_recog,i,0,1,,,,
41,1690,"<div class=""InstrBx""><div class=""img-container""><img src=""stim/polar_bear_mooney_dot_on5.jpg"" style=""width: 500px; height: ""500px; transform: ; ""></img></div></div>",69,42,1,dot,polar_bear,polar_bear_mooney_dot_on5,target,regular,post,on,0skdn6l7m6uh0fx,html-keyboard-response,202,323962,0.0-11.0-5.41-1.41,Firefox,137.0,Windows,10,undefined,undefined,2048 x 1152,2048 x 972,https://exponline.ugr.es/publix/939/997/start?srid=18438,5ceef0e84f74e10001809db1,23,30,United States,Male,Right-handed,Exp,dot_recog,e,1,1,,,,
42,1011,"<div class=""InstrBx""><div class=""img-container""><img src=""stim/pomegranate_mooney_dot_off6.jpg"" style=""width: 500px; height: ""500px; transform: ; ""></img></div></div>",73,43,1,dot,pomegranate,pomegranate_mooney_dot_off6,target,horizontal_flip,post,off,0skdn6l7m6uh0fx,html-keyboard-response,206,325978,0.0-11.0-5.42-1.42,Firefox,137.0,Windows,10,undefined,undefined,2048 x 1152,2048 x 972,https://exponline.ugr.es/publix/939/997/start?srid=18438,5ceef0e84f74e10001809db1,23,30,United States,Male,Right-handed,Exp,dot_recog,i,0,1,,,,
43,1852,"<div class=""InstrBx""><div class=""img-container""><img src=""stim/gargoyle_mooney_dot_off8.jpg"" style=""width: 500px; height: ""500px; transform: scaleY(-1) ; ""></img></div></div>",73,44,1,dot,gargoyle,gargoyle_mooney_dot_off8,target,upside_down,post,off,0skdn6l7m6uh0fx,html-keyboard-response,210,328834,0.0-11.0-5.43-1.43,Firefox,137.0,Windows,10,undefined,undefined,2048 x 1152,2048 x 972,https://exponline.ugr.es/publix/939/997/start?srid=18438,5ceef0e84f74e10001809db1,23,30,United States,Male,Right-handed,Exp,dot_recog,i,0,1,,,,
44,1457,"<div class=""InstrBx""><div class=""img-container""><img src=""stim/shears_mooney_dot_on1.jpg"" style=""width: 500px; height: ""500px; transform: ; ""></img></div></div>",69,45,1,dot,shears,shears_mooney_dot_on1,target,regular,pre,on,0skdn6l7m6uh0fx,html-keyboard-response,214,331306,0.0-11.0-5.44-1.44,Firefox,137.0,Windows,10,undefined,undefined,2048 x 1152,2048 x 972,https://exponline.ugr.es/publix/939/997/start?srid=18438,5ceef0e84f74e10001809db1,23,30,United States,Male,Right-handed,Exp,dot_recog,e,1,1,,,,
45,916,"<div class=""InstrBx""><div class=""img-container""><img src=""stim/sardine_mooney_dot_on1.jpg"" style=""width: 500px; height: ""500px; transform: ; ""></img></div></div>",69,46,1,dot,sardine,sardine_mooney_dot_on1,target,horizontal_flip,pre,on,0skdn6l7m6uh0fx,html-keyboard-response,218,333235,0.0-11.0-5.45-1.45,Firefox,137.0,Windows,10,undefined,undefined,2048 x 1152,2048 x 972,https://exponline.ugr.es/publix/939/997/start?srid=18438,5ceef0e84f74e10001809db1,23,30,United States,Male,Right-handed,Exp,dot_recog,e,1,1,,,,
46,798,"<div class=""InstrBx""><div class=""img-container""><img src=""stim/carriage_mooney_dot_on1.jpg"" style=""width: 500px; height: ""500px; transform: scaleY(-1) ; ""></img></div></div>",69,47,1,dot,carriage,carriage_mooney_dot_on1,target,upside_down,pre,on,0skdn6l7m6uh0fx,html-keyboard-response,222,335043,0.0-11.0-5.46-1.46,Firefox,137.0,Windows,10,undefined,undefined,2048 x 1152,2048 x 972,https://exponline.ugr.es/publix/939/997/start?srid=18438,5ceef0e84f74e10001809db1,23,30,United States,Male,Right-handed,Exp,dot_recog,e,1,1,,,,
47,1602,"<div class=""InstrBx""><div class=""img-container""><img src=""stim/polar_bear_mooney_dot_on7.jpg"" style=""width: 500px; height: ""500px; transform: ; ""></img></div></div>",73,48,1,dot,polar_bear,polar_bear_mooney_dot_on7,target,regular,post,on,0skdn6l7m6uh0fx,html-keyboard-response,226,337652,0.0-11.0-5.47-1.47,Firefox,137.0,Windows,10,undefined,undefined,2048 x 1152,2048 x 972,https://exponline.ugr.es/publix/939/997/start?srid=18438,5ceef0e84f74e10001809db1,23,30,United States,Male,Right-handed,Exp,dot_recog,i,0,0,,,,
48,1120,"<div class=""InstrBx""><div class=""img-container""><img src=""stim/gargoyle_mooney_dot_on5.jpg"" style=""width: 500px; height: ""500px; transform: scaleY(-1) ; ""></img></div></div>",73,49,1,dot,gargoyle,gargoyle_mooney_dot_on5,target,upside_down,post,on,0skdn6l7m6uh0fx,html-keyboard-response,230,339787,0.0-11.0-5.48-1.48,Firefox,137.0,Windows,10,undefined,undefined,2048 x 1152,2048 x 972,https://exponline.ugr.es/publix/939/997/start?srid=18438,5ceef0e84f74e10001809db1,23,30,United States,Male,Right-handed,Exp,dot_recog,i,0,0,,,,
49,2167,"<div class=""InstrBx""><div class=""img-container""><img src=""stim/snail_mooney_dot_on7.jpg"" style=""width: 500px; height: ""500px; transform: ; ""></img></div></div>",73,50,1,dot,snail,snail_mooney_dot_on7,catch,regular,post,on,0skdn6l7m6uh0fx,html-keyboard-response,234,342964,0.0-11.0-5.49-1.49,Firefox,137.0,Windows,10,undefined,undefined,2048 x 1152,2048 x 972,https://exponline.ugr.es/publix/939/997/start?srid=18438,5ceef0e84f74e10001809db1,23,30,United States,Male,Right-handed,Exp,dot_recog,i,0,0,,,,
50,871,"<div class=""InstrBx""><div class=""img-container""><img src=""stim/pomegranate_mooney_dot_on7.jpg"" style=""width: 500px; height: ""500px; transform: ; ""></img></div></div>",73,51,1,dot,pomegranate,pomegranate_mooney_dot_on7,target,horizontal_flip,post,on,0skdn6l7m6uh0fx,html-keyboard-response,238,344844,0.0-11.0-5.50-1.50,Firefox,137.0,Windows,10,undefined,undefined,2048 x 1152,2048 x 972,https://exponline.ugr.es/publix/939/997/start?srid=18438,5ceef0e84f74e10001809db1,23,30,United States,Male,Right-handed,Exp,dot_recog,i,0,0,,,,
51,1036,"<div class=""InstrBx""><div class=""img-container""><img src=""stim/snail_mooney_dot_off8.jpg"" style=""width: 500px; height: ""500px; transform: ; ""></img></div></div>",69,52,1,dot,snail,snail_mooney_dot_off8,catch,regular,post,off,0skdn6l7m6uh0fx,html-keyboard-response,242,346885,0.0-11.0-5.51-1.51,Firefox,137.0,Windows,10,undefined,undefined,2048 x 1152,2048 x 972,https://exponline.ugr.es/publix/939/997/start?srid=18438,5ceef0e84f74e10001809db1,23,30,United States,Male,Right-handed,Exp,dot_recog,e,1,0,,,,
52,1347,"<div class=""InstrBx""><div class=""img-container""><img src=""stim/polar_bear_mooney_dot_off6.jpg"" style=""width: 500px; height: ""500px; transform: ; ""></img></div></div>",73,53,1,dot,polar_bear,polar_bear_mooney_dot_off6,target,regular,post,off,0skdn6l7m6uh0fx,html-keyboard-response,246,349236,0.0-11.0-5.52-1.52,Firefox,137.0,Windows,10,undefined,undefined,2048 x 1152,2048 x 972,https://exponline.ugr.es/publix/939/997/start?srid=18438,5ceef0e84f74e10001809db1,23,30,United States,Male,Right-handed,Exp,dot_recog,i,0,1,,,,
53,1065,"<div class=""InstrBx""><div class=""img-container""><img src=""stim/gargoyle_mooney_dot_on7.jpg"" style=""width: 500px; height: ""500px; transform: scaleY(-1) ; ""></img></div></div>",69,54,1,dot,gargoyle,gargoyle_mooney_dot_on7,target,upside_down,post,on,0skdn6l7m6uh0fx,html-keyboard-response,250,351308,0.0-11.0-5.53-1.53,Firefox,137.0,Windows,10,undefined,undefined,2048 x 1152,2048 x 972,https://exponline.ugr.es/publix/939/997/start?srid=18438,5ceef0e84f74e10001809db1,23,30,United States,Male,Right-handed,Exp,dot_recog,e,1,1,,,,
54,815,"<div class=""InstrBx""><div class=""img-container""><img src=""stim/snail_mooney_dot_on5.jpg"" style=""width: 500px; height: ""500px; transform: ; ""></img></div></div>",73,55,1,dot,snail,snail_mooney_dot_on5,catch,regular,post,on,0skdn6l7m6uh0fx,html-keyboard-response,254,353133,0.0-11.0-5.54-1.54,Firefox,137.0,Windows,10,undefined,undefined,2048 x 1152,2048 x 972,https://exponline.ugr.es/publix/939/997/start?srid=18438,5ceef0e84f74e10001809db1,23,30,United States,Male,Right-handed,Exp,dot_recog,i,0,0,,,,
55,,,,56,1,recognition,gutter,gutter_mooney,catch,upside_down,pre,null,0skdn6l7m6uh0fx,survey-text-autocomplete,262,362703,0.0-11.0-6.55-4.55,Firefox,137.0,Windows,10,undefined,undefined,2048 x 1152,2048 x 972,https://exponline.ugr.es/publix/939/997/start?srid=18438,5ceef0e84f74e10001809db1,23,30,United States,Male,Right-handed,Exp,Recognition,,,,"{""recognition"":""statue""}",statue,0.6945576449632225,0.0
56,,,,57,1,recognition,shears,shears_mooney,target,regular,pre,null,0skdn6l7m6uh0fx,survey-text-autocomplete,269,372190,0.0-11.0-6.56-4.56,Firefox,137.0,Windows,10,undefined,undefined,2048 x 1152,2048 x 972,https://exponline.ugr.es/publix/939/997/start?srid=18438,5ceef0e84f74e10001809db1,23,30,United States,Male,Right-handed,Exp,Recognition,,,,"{""recognition"":""window""}",window,0.7582426950633308,0.0
57,,,,58,1,recognition,carriage,carriage_mooney,target,upside_down,pre,null,0skdn6l7m6uh0fx,survey-text-autocomplete,276,377225,0.0-11.0-6.57-4.57,Firefox,137.0,Windows,10,undefined,undefined,2048 x 1152,2048 x 972,https://exponline.ugr.es/publix/939/997/start?srid=18438,5ceef0e84f74e10001809db1,23,30,United States,Male,Right-handed,Exp,Recognition,,,,"{""recognition"":""cart""}",cart,0.3635467672855286,0.0
58,,,,59,1,recognition,polar_bear,polar_bear_mooney,target,regular,post,null,0skdn6l7m6uh0fx,survey-text-autocomplete,283,385387,0.0-11.0-6.58-4.58,Firefox,137.0,Windows,10,undefined,undefined,2048 x 1152,2048 x 972,https://exponline.ugr.es/publix/939/997/start?srid=18438,5ceef0e84f74e10001809db1,23,30,United States,Male,Right-handed,Exp,Recognition,,,,"{""recognition"":""painting""}",painting,0.7503068886395728,0.0
59,,,,60,1,recognition,pomegranate,pomegranate_mooney,target,horizontal_flip,post,null,0skdn6l7m6uh0fx,survey-text-autocomplete,290,394477,0.0-11.0-6.59-4.59,Firefox,137.0,Windows,10,undefined,undefined,2048 x 1152,2048 x 972,https://exponline.ugr.es/publix/939/997/start?srid=18438,5ceef0e84f74e10001809db1,23,30,United States,Male,Right-handed,Exp,Recognition,,,,"{""recognition"":""water fountain""}",water_fountain,0.759902652642776,0.0
60,,,,61,1,recognition,snail,snail_mooney,catch,regular,post,null,0skdn6l7m6uh0fx,survey-text-autocomplete,297,402634,0.0-11.0-6.60-4.60,Firefox,137.0,Windows,10,undefined,undefined,2048 x 1152,2048 x 972,https://exponline.ugr.es/publix/939/997/start?srid=18438,5ceef0e84f74e10001809db1,23,30,United States,Male,Right-handed,Exp,Recognition,,,,"{""recognition"":""rabbit""}",rabbit,0.4174669527226317,0.0
61,,,,62,1,recognition,sardine,sardine_mooney,target,horizontal_flip,pre,null,0skdn6l7m6uh0fx,survey-text-autocomplete,304,410064,0.0-11.0-6.61-4.61,Firefox,137.0,Windows,10,undefined,undefined,2048 x 1152,2048 x 972,https://exponline.ugr.es/publix/939/997/start?srid=18438,5ceef0e84f74e10001809db1,23,30,United States,Male,Right-handed,Exp,Recognition,,,,"{""recognition"":""octopus""}",octopus,0.5440525979461464,0.0
62,,,,63,1,recognition,gargoyle,gargoyle_mooney,target,upside_down,post,null,0skdn6l7m6uh0fx,survey-text-autocomplete,311,419001,0.0-11.0-6.62-4.62,Firefox,137.0,Windows,10,undefined,undefined,2048 x 1152,2048 x 972,https://exponline.ugr.es/publix/939/997/start?srid=18438,5ceef0e84f74e10001809db1,23,30,United States,Male,Right-handed,Exp,Recognition,,,,"{""recognition"":""boat""}",boat,0.755383022388919,0.0
63,,,,64,1,recognition,shears,shears,target,regular,color,null,0skdn6l7m6uh0fx,survey-text-autocomplete,318,433902,0.0-11.0-6.63-4.63,Firefox,137.0,Windows,10,undefined,undefined,2048 x 1152,2048 x 972,https://exponline.ugr.es/publix/939/997/start?srid=18438,5ceef0e84f74e10001809db1,23,30,United States,Male,Right-handed,Exp,Recognition,,,,"{""recognition"":""prune""}",prune,0.6446629274733447,0.0
64,,,,65,1,recognition,carriage,carriage,target,upside_down,color,null,0skdn6l7m6uh0fx,survey-text-autocomplete,325,438934,0.0-11.0-6.64-4.64,Firefox,137.0,Windows,10,undefined,undefined,2048 x 1152,2048 x 972,https://exponline.ugr.es/publix/939/997/start?srid=18438,5ceef0e84f74e10001809db1,23,30,United States,Male,Right-handed,Exp,Recognition,,,,"{""recognition"":""cart""}",cart,0.3635467672855286,0.0
65,,,,66,1,recognition,sardine,sardine,target,horizontal_flip,color,null,0skdn6l7m6uh0fx,survey-text-autocomplete,332,444046,0.0-11.0-6.65-4.65,Firefox,137.0,Windows,10,undefined,undefined,2048 x 1152,2048 x 972,https://exponline.ugr.es/publix/939/997/start?srid=18438,5ceef0e84f74e10001809db1,23,30,United States,Male,Right-handed,Exp,Recognition,,,,"{""recognition"":""sardine""}",sardine,0.0,1.0
66,null,"<div class=""InstrBx""><div class=""img-container""><img src=""stim/sidecar_mooney_dot_on1.jpg"" style=""width: 500px; height: ""500px; transform: ; ""></img></div></div>",null,67,2,dot,sidecar,sidecar_mooney_dot_on1,target,regular,pre,on,0skdn6l7m6uh0fx,html-keyboard-response,338,453424,0.0-11.0-5.66-1.66,Firefox,137.0,Windows,10,undefined,undefined,2048 x 1152,2048 x 972,https://exponline.ugr.es/publix/939/997/start?srid=18438,5ceef0e84f74e10001809db1,23,30,United States,Male,Right-handed,Exp,dot_recog,,0,0,,,,
67,4449,"<div class=""InstrBx""><div class=""img-container""><img src=""stim/gutter_mooney_dot_off8.jpg"" style=""width: 500px; height: ""500px; transform: scaleY(-1) ; ""></img></div></div>",69,68,2,dot,gutter,gutter_mooney_dot_off8,catch,upside_down,post,off,0skdn6l7m6uh0fx,html-keyboard-response,342,458881,0.0-11.0-5.67-1.67,Firefox,137.0,Windows,10,undefined,undefined,2048 x 1152,2048 x 972,https://exponline.ugr.es/publix/939/997/start?srid=18438,5ceef0e84f74e10001809db1,23,30,United States,Male,Right-handed,Exp,dot_recog,e,1,0,,,,
68,1287,"<div class=""InstrBx""><div class=""img-container""><img src=""stim/carriage_mooney_dot_on7.jpg"" style=""width: 500px; height: ""500px; transform: scaleY(-1) ; ""></img></div></div>",69,69,2,dot,carriage,carriage_mooney_dot_on7,target,upside_down,post,on,0skdn6l7m6uh0fx,html-keyboard-response,346,461177,0.0-11.0-5.68-1.68,Firefox,137.0,Windows,10,undefined,undefined,2048 x 1152,2048 x 972,https://exponline.ugr.es/publix/939/997/start?srid=18438,5ceef0e84f74e10001809db1,23,30,United States,Male,Right-handed,Exp,dot_recog,e,1,1,,,,
69,2198,"<div class=""InstrBx""><div class=""img-container""><img src=""stim/lip_gloss_mooney_dot_off2.jpg"" style=""width: 500px; height: ""500px; transform: ; ""></img></div></div>",73,70,2,dot,lip_gloss,lip_gloss_mooney_dot_off2,catch,horizontal_flip,pre,off,0skdn6l7m6uh0fx,html-keyboard-response,350,464385,0.0-11.0-5.69-1.69,Firefox,137.0,Windows,10,undefined,undefined,2048 x 1152,2048 x 972,https://exponline.ugr.es/publix/939/997/start?srid=18438,5ceef0e84f74e10001809db1,23,30,United States,Male,Right-handed,Exp,dot_recog,i,0,1,,,,
70,958,"<div class=""InstrBx""><div class=""img-container""><img src=""stim/carriage_mooney_dot_on5.jpg"" style=""width: 500px; height: ""500px; transform: scaleY(-1) ; ""></img></div></div>",69,71,2,dot,carriage,carriage_mooney_dot_on5,target,upside_down,post,on,0skdn6l7m6uh0fx,html-keyboard-response,354,466434,0.0-11.0-5.70-1.70,Firefox,137.0,Windows,10,undefined,undefined,2048 x 1152,2048 x 972,https://exponline.ugr.es/publix/939/997/start?srid=18438,5ceef0e84f74e10001809db1,23,30,United States,Male,Right-handed,Exp,dot_recog,e,1,1,,,,
71,1747,"<div class=""InstrBx""><div class=""img-container""><img src=""stim/sidecar_mooney_dot_off4.jpg"" style=""width: 500px; height: ""500px; transform: ; ""></img></div></div>",73,72,2,dot,sidecar,sidecar_mooney_dot_off4,target,regular,pre,off,0skdn6l7m6uh0fx,html-keyboard-response,358,469234,0.0-11.0-5.71-1.71,Firefox,137.0,Windows,10,undefined,undefined,2048 x 1152,2048 x 972,https://exponline.ugr.es/publix/939/997/start?srid=18438,5ceef0e84f74e10001809db1,23,30,United States,Male,Right-handed,Exp,dot_recog,i,0,1,,,,
72,889,"<div class=""InstrBx""><div class=""img-container""><img src=""stim/gutter_mooney_dot_on7.jpg"" style=""width: 500px; height: ""500px; transform: scaleY(-1) ; ""></img></div></div>",73,73,2,dot,gutter,gutter_mooney_dot_on7,catch,upside_down,post,on,0skdn6l7m6uh0fx,html-keyboard-response,362,471129,0.0-11.0-5.72-1.72,Firefox,137.0,Windows,10,undefined,undefined,2048 x 1152,2048 x 972,https://exponline.ugr.es/publix/939/997/start?srid=18438,5ceef0e84f74e10001809db1,23,30,United States,Male,Right-handed,Exp,dot_recog,i,0,0,,,,
73,2624,"<div class=""InstrBx""><div class=""img-container""><img src=""stim/shears_mooney_dot_off8.jpg"" style=""width: 500px; height: ""500px; transform: ; ""></img></div></div>",69,74,2,dot,shears,shears_mooney_dot_off8,target,regular,post,off,0skdn6l7m6uh0fx,html-keyboard-response,366,474770,0.0-11.0-5.73-1.73,Firefox,137.0,Windows,10,undefined,undefined,2048 x 1152,2048 x 972,https://exponline.ugr.es/publix/939/997/start?srid=18438,5ceef0e84f74e10001809db1,23,30,United States,Male,Right-handed,Exp,dot_recog,e,1,0,,,,
74,1070,"<div class=""InstrBx""><div class=""img-container""><img src=""stim/sardine_mooney_dot_off6.jpg"" style=""width: 500px; height: ""500px; transform: ; ""></img></div></div>",73,75,2,dot,sardine,sardine_mooney_dot_off6,target,horizontal_flip,post,off,0skdn6l7m6uh0fx,html-keyboard-response,370,476851,0.0-11.0-5.74-1.74,Firefox,137.0,Windows,10,undefined,undefined,2048 x 1152,2048 x 972,https://exponline.ugr.es/publix/939/997/start?srid=18438,5ceef0e84f74e10001809db1,23,30,United States,Male,Right-handed,Exp,dot_recog,i,0,1,,,,
75,966,"<div class=""InstrBx""><div class=""img-container""><img src=""stim/shears_mooney_dot_off6.jpg"" style=""width: 500px; height: ""500px; transform: ; ""></img></div></div>",69,76,2,dot,shears,shears_mooney_dot_off6,target,regular,post,off,0skdn6l7m6uh0fx,html-keyboard-response,374,478835,0.0-11.0-5.75-1.75,Firefox,137.0,Windows,10,undefined,undefined,2048 x 1152,2048 x 972,https://exponline.ugr.es/publix/939/997/start?srid=18438,5ceef0e84f74e10001809db1,23,30,United States,Male,Right-handed,Exp,dot_recog,e,1,0,,,,
76,1276,"<div class=""InstrBx""><div class=""img-container""><img src=""stim/sandal_mooney_dot_on3.jpg"" style=""width: 500px; height: ""500px; transform: scaleY(-1) ; ""></img></div></div>",69,77,2,dot,sandal,sandal_mooney_dot_on3,target,upside_down,pre,on,0skdn6l7m6uh0fx,html-keyboard-response,378,481123,0.0-11.0-5.76-1.76,Firefox,137.0,Windows,10,undefined,undefined,2048 x 1152,2048 x 972,https://exponline.ugr.es/publix/939/997/start?srid=18438,5ceef0e84f74e10001809db1,23,30,United States,Male,Right-handed,Exp,dot_recog,e,1,1,,,,
77,1686,"<div class=""InstrBx""><div class=""img-container""><img src=""stim/lip_gloss_mooney_dot_on3.jpg"" style=""width: 500px; height: ""500px; transform: ; ""></img></div></div>",69,78,2,dot,lip_gloss,lip_gloss_mooney_dot_on3,catch,horizontal_flip,pre,on,0skdn6l7m6uh0fx,html-keyboard-response,382,483827,0.0-11.0-5.77-1.77,Firefox,137.0,Windows,10,undefined,undefined,2048 x 1152,2048 x 972,https://exponline.ugr.es/publix/939/997/start?srid=18438,5ceef0e84f74e10001809db1,23,30,United States,Male,Right-handed,Exp,dot_recog,e,1,1,,,,
78,2137,"<div class=""InstrBx""><div class=""img-container""><img src=""stim/garlic_mooney_dot_on1.jpg"" style=""width: 500px; height: ""500px; transform: ; ""></img></div></div>",69,79,2,dot,garlic,garlic_mooney_dot_on1,target,horizontal_flip,pre,on,0skdn6l7m6uh0fx,html-keyboard-response,386,486996,0.0-11.0-5.78-1.78,Firefox,137.0,Windows,10,undefined,undefined,2048 x 1152,2048 x 972,https://exponline.ugr.es/publix/939/997/start?srid=18438,5ceef0e84f74e10001809db1,23,30,United States,Male,Right-handed,Exp,dot_recog,e,1,1,,,,
79,1514,"<div class=""InstrBx""><div class=""img-container""><img src=""stim/sandal_mooney_dot_off2.jpg"" style=""width: 500px; height: ""500px; transform: scaleY(-1) ; ""></img></div></div>",73,80,2,dot,sandal,sandal_mooney_dot_off2,target,upside_down,pre,off,0skdn6l7m6uh0fx,html-keyboard-response,390,489524,0.0-11.0-5.79-1.79,Firefox,137.0,Windows,10,undefined,undefined,2048 x 1152,2048 x 972,https://exponline.ugr.es/publix/939/997/start?srid=18438,5ceef0e84f74e10001809db1,23,30,United States,Male,Right-handed,Exp,dot_recog,i,0,1,,,,
80,841,"<div class=""InstrBx""><div class=""img-container""><img src=""stim/gutter_mooney_dot_off6.jpg"" style=""width: 500px; height: ""500px; transform: scaleY(-1) ; ""></img></div></div>",69,81,2,dot,gutter,gutter_mooney_dot_off6,catch,upside_down,post,off,0skdn6l7m6uh0fx,html-keyboard-response,394,491380,0.0-11.0-5.80-1.80,Firefox,137.0,Windows,10,undefined,undefined,2048 x 1152,2048 x 972,https://exponline.ugr.es/publix/939/997/start?srid=18438,5ceef0e84f74e10001809db1,23,30,United States,Male,Right-handed,Exp,dot_recog,e,1,0,,,,
81,2112,"<div class=""InstrBx""><div class=""img-container""><img src=""stim/sardine_mooney_dot_on7.jpg"" style=""width: 500px; height: ""500px; transform: ; ""></img></div></div>",73,82,2,dot,sardine,sardine_mooney_dot_on7,target,horizontal_flip,post,on,0skdn6l7m6uh0fx,html-keyboard-response,398,494501,0.0-11.0-5.81-1.81,Firefox,137.0,Windows,10,undefined,undefined,2048 x 1152,2048 x 972,https://exponline.ugr.es/publix/939/997/start?srid=18438,5ceef0e84f74e10001809db1,23,30,United States,Male,Right-handed,Exp,dot_recog,i,0,0,,,,
82,2040,"<div class=""InstrBx""><div class=""img-container""><img src=""stim/garlic_mooney_dot_on3.jpg"" style=""width: 500px; height: ""500px; transform: ; ""></img></div></div>",69,83,2,dot,garlic,garlic_mooney_dot_on3,target,horizontal_flip,pre,on,0skdn6l7m6uh0fx,html-keyboard-response,402,497557,0.0-11.0-5.82-1.82,Firefox,137.0,Windows,10,undefined,undefined,2048 x 1152,2048 x 972,https://exponline.ugr.es/publix/939/997/start?srid=18438,5ceef0e84f74e10001809db1,23,30,United States,Male,Right-handed,Exp,dot_recog,e,1,1,,,,
83,1856,"<div class=""InstrBx""><div class=""img-container""><img src=""stim/sandal_mooney_dot_on1.jpg"" style=""width: 500px; height: ""500px; transform: scaleY(-1) ; ""></img></div></div>",69,84,2,dot,sandal,sandal_mooney_dot_on1,target,upside_down,pre,on,0skdn6l7m6uh0fx,html-keyboard-response,406,500430,0.0-11.0-5.83-1.83,Firefox,137.0,Windows,10,undefined,undefined,2048 x 1152,2048 x 972,https://exponline.ugr.es/publix/939/997/start?srid=18438,5ceef0e84f74e10001809db1,23,30,United States,Male,Right-handed,Exp,dot_recog,e,1,1,,,,
84,2271,"<div class=""InstrBx""><div class=""img-container""><img src=""stim/lip_gloss_mooney_dot_off4.jpg"" style=""width: 500px; height: ""500px; transform: ; ""></img></div></div>",69,85,2,dot,lip_gloss,lip_gloss_mooney_dot_off4,catch,horizontal_flip,pre,off,0skdn6l7m6uh0fx,html-keyboard-response,410,503717,0.0-11.0-5.84-1.84,Firefox,137.0,Windows,10,undefined,undefined,2048 x 1152,2048 x 972,https://exponline.ugr.es/publix/939/997/start?srid=18438,5ceef0e84f74e10001809db1,23,30,United States,Male,Right-handed,Exp,dot_recog,e,1,0,,,,
85,1916,"<div class=""InstrBx""><div class=""img-container""><img src=""stim/garlic_mooney_dot_off2.jpg"" style=""width: 500px; height: ""500px; transform: ; ""></img></div></div>",69,86,2,dot,garlic,garlic_mooney_dot_off2,target,horizontal_flip,pre,off,0skdn6l7m6uh0fx,html-keyboard-response,414,506654,0.0-11.0-5.85-1.85,Firefox,137.0,Windows,10,undefined,undefined,2048 x 1152,2048 x 972,https://exponline.ugr.es/publix/939/997/start?srid=18438,5ceef0e84f74e10001809db1,23,30,United States,Male,Right-handed,Exp,dot_recog,e,1,0,,,,
86,981,"<div class=""InstrBx""><div class=""img-container""><img src=""stim/carriage_mooney_dot_off6.jpg"" style=""width: 500px; height: ""500px; transform: scaleY(-1) ; ""></img></div></div>",69,87,2,dot,carriage,carriage_mooney_dot_off6,target,upside_down,post,off,0skdn6l7m6uh0fx,html-keyboard-response,418,508655,0.0-11.0-5.86-1.86,Firefox,137.0,Windows,10,undefined,undefined,2048 x 1152,2048 x 972,https://exponline.ugr.es/publix/939/997/start?srid=18438,5ceef0e84f74e10001809db1,23,30,United States,Male,Right-handed,Exp,dot_recog,e,1,0,,,,
87,1179,"<div class=""InstrBx""><div class=""img-container""><img src=""stim/shears_mooney_dot_on7.jpg"" style=""width: 500px; height: ""500px; transform: ; ""></img></div></div>",69,88,2,dot,shears,shears_mooney_dot_on7,target,regular,post,on,0skdn6l7m6uh0fx,html-keyboard-response,422,510855,0.0-11.0-5.87-1.87,Firefox,137.0,Windows,10,undefined,undefined,2048 x 1152,2048 x 972,https://exponline.ugr.es/publix/939/997/start?srid=18438,5ceef0e84f74e10001809db1,23,30,United States,Male,Right-handed,Exp,dot_recog,e,1,1,,,,
88,1040,"<div class=""InstrBx""><div class=""img-container""><img src=""stim/garlic_mooney_dot_off4.jpg"" style=""width: 500px; height: ""500px; transform: ; ""></img></div></div>",73,89,2,dot,garlic,garlic_mooney_dot_off4,target,horizontal_flip,pre,off,0skdn6l7m6uh0fx,html-keyboard-response,426,512911,0.0-11.0-5.88-1.88,Firefox,137.0,Windows,10,undefined,undefined,2048 x 1152,2048 x 972,https://exponline.ugr.es/publix/939/997/start?srid=18438,5ceef0e84f74e10001809db1,23,30,United States,Male,Right-handed,Exp,dot_recog,i,0,1,,,,
89,815,"<div class=""InstrBx""><div class=""img-container""><img src=""stim/sardine_mooney_dot_on5.jpg"" style=""width: 500px; height: ""500px; transform: ; ""></img></div></div>",69,90,2,dot,sardine,sardine_mooney_dot_on5,target,horizontal_flip,post,on,0skdn6l7m6uh0fx,html-keyboard-response,430,514735,0.0-11.0-5.89-1.89,Firefox,137.0,Windows,10,undefined,undefined,2048 x 1152,2048 x 972,https://exponline.ugr.es/publix/939/997/start?srid=18438,5ceef0e84f74e10001809db1,23,30,United States,Male,Right-handed,Exp,dot_recog,e,1,1,,,,
90,2926,"<div class=""InstrBx""><div class=""img-container""><img src=""stim/sidecar_mooney_dot_off2.jpg"" style=""width: 500px; height: ""500px; transform: ; ""></img></div></div>",73,91,2,dot,sidecar,sidecar_mooney_dot_off2,target,regular,pre,off,0skdn6l7m6uh0fx,html-keyboard-response,434,518679,0.0-11.0-5.90-1.90,Firefox,137.0,Windows,10,undefined,undefined,2048 x 1152,2048 x 972,https://exponline.ugr.es/publix/939/997/start?srid=18438,5ceef0e84f74e10001809db1,23,30,United States,Male,Right-handed,Exp,dot_recog,i,0,1,,,,
91,1589,"<div class=""InstrBx""><div class=""img-container""><img src=""stim/sandal_mooney_dot_off4.jpg"" style=""width: 500px; height: ""500px; transform: scaleY(-1) ; ""></img></div></div>",73,92,2,dot,sandal,sandal_mooney_dot_off4,target,upside_down,pre,off,0skdn6l7m6uh0fx,html-keyboard-response,438,521280,0.0-11.0-5.91-1.91,Firefox,137.0,Windows,10,undefined,undefined,2048 x 1152,2048 x 972,https://exponline.ugr.es/publix/939/997/start?srid=18438,5ceef0e84f74e10001809db1,23,30,United States,Male,Right-handed,Exp,dot_recog,i,0,1,,,,
92,734,"<div class=""InstrBx""><div class=""img-container""><img src=""stim/carriage_mooney_dot_off8.jpg"" style=""width: 500px; height: ""500px; transform: scaleY(-1) ; ""></img></div></div>",69,93,2,dot,carriage,carriage_mooney_dot_off8,target,upside_down,post,off,0skdn6l7m6uh0fx,html-keyboard-response,442,523032,0.0-11.0-5.92-1.92,Firefox,137.0,Windows,10,undefined,undefined,2048 x 1152,2048 x 972,https://exponline.ugr.es/publix/939/997/start?srid=18438,5ceef0e84f74e10001809db1,23,30,United States,Male,Right-handed,Exp,dot_recog,e,1,0,,,,
93,585,"<div class=""InstrBx""><div class=""img-container""><img src=""stim/lip_gloss_mooney_dot_on1.jpg"" style=""width: 500px; height: ""500px; transform: ; ""></img></div></div>",69,94,2,dot,lip_gloss,lip_gloss_mooney_dot_on1,catch,horizontal_flip,pre,on,0skdn6l7m6uh0fx,html-keyboard-response,446,524640,0.0-11.0-5.93-1.93,Firefox,137.0,Windows,10,undefined,undefined,2048 x 1152,2048 x 972,https://exponline.ugr.es/publix/939/997/start?srid=18438,5ceef0e84f74e10001809db1,23,30,United States,Male,Right-handed,Exp,dot_recog,e,1,1,,,,
94,2228,"<div class=""InstrBx""><div class=""img-container""><img src=""stim/sidecar_mooney_dot_on3.jpg"" style=""width: 500px; height: ""500px; transform: ; ""></img></div></div>",73,95,2,dot,sidecar,sidecar_mooney_dot_on3,target,regular,pre,on,0skdn6l7m6uh0fx,html-keyboard-response,450,527888,0.0-11.0-5.94-1.94,Firefox,137.0,Windows,10,undefined,undefined,2048 x 1152,2048 x 972,https://exponline.ugr.es/publix/939/997/start?srid=18438,5ceef0e84f74e10001809db1,23,30,United States,Male,Right-handed,Exp,dot_recog,i,0,0,,,,
95,1033,"<div class=""InstrBx""><div class=""img-container""><img src=""stim/sardine_mooney_dot_off8.jpg"" style=""width: 500px; height: ""500px; transform: ; ""></img></div></div>",73,96,2,dot,sardine,sardine_mooney_dot_off8,target,horizontal_flip,post,off,0skdn6l7m6uh0fx,html-keyboard-response,454,529937,0.0-11.0-5.95-1.95,Firefox,137.0,Windows,10,undefined,undefined,2048 x 1152,2048 x 972,https://exponline.ugr.es/publix/939/997/start?srid=18438,5ceef0e84f74e10001809db1,23,30,United States,Male,Right-handed,Exp,dot_recog,i,0,1,,,,
96,929,"<div class=""InstrBx""><div class=""img-container""><img src=""stim/gutter_mooney_dot_on5.jpg"" style=""width: 500px; height: ""500px; transform: scaleY(-1) ; ""></img></div></div>",69,97,2,dot,gutter,gutter_mooney_dot_on5,catch,upside_down,post,on,0skdn6l7m6uh0fx,html-keyboard-response,458,531881,0.0-11.0-5.96-1.96,Firefox,137.0,Windows,10,undefined,undefined,2048 x 1152,2048 x 972,https://exponline.ugr.es/publix/939/997/start?srid=18438,5ceef0e84f74e10001809db1,23,30,United States,Male,Right-handed,Exp,dot_recog,e,1,1,,,,
97,759,"<div class=""InstrBx""><div class=""img-container""><img src=""stim/shears_mooney_dot_on5.jpg"" style=""width: 500px; height: ""500px; transform: ; ""></img></div></div>",69,98,2,dot,shears,shears_mooney_dot_on5,target,regular,post,on,0skdn6l7m6uh0fx,html-keyboard-response,462,533648,0.0-11.0-5.97-1.97,Firefox,137.0,Windows,10,undefined,undefined,2048 x 1152,2048 x 972,https://exponline.ugr.es/publix/939/997/start?srid=18438,5ceef0e84f74e10001809db1,23,30,United States,Male,Right-handed,Exp,dot_recog,e,1,1,,,,
98,,,,99,2,recognition,sardine,sardine_mooney,target,horizontal_flip,post,null,0skdn6l7m6uh0fx,survey-text-autocomplete,470,544371,0.0-11.0-6.98-4.98,Firefox,137.0,Windows,10,undefined,undefined,2048 x 1152,2048 x 972,https://exponline.ugr.es/publix/939/997/start?srid=18438,5ceef0e84f74e10001809db1,23,30,United States,Male,Right-handed,Exp,Recognition,,,,"{""recognition"":""brush""}",brush,0.8428141668360708,0.0
99,,,,100,2,recognition,lip_gloss,lip_gloss_mooney,catch,horizontal_flip,pre,null,0skdn6l7m6uh0fx,survey-text-autocomplete,477,549352,0.0-11.0-6.99-4.99,Firefox,137.0,Windows,10,undefined,undefined,2048 x 1152,2048 x 972,https://exponline.ugr.es/publix/939/997/start?srid=18438,5ceef0e84f74e10001809db1,23,30,United States,Male,Right-handed,Exp,Recognition,,,,"{""recognition"":""wine bottle""}",wine_bottle,0.7693372922437504,0.0
100,,,,101,2,recognition,carriage,carriage_mooney,target,upside_down,post,null,0skdn6l7m6uh0fx,survey-text-autocomplete,484,556260,0.0-11.0-6.100-4.100,Firefox,137.0,Windows,10,undefined,undefined,2048 x 1152,2048 x 972,https://exponline.ugr.es/publix/939/997/start?srid=18438,5ceef0e84f74e10001809db1,23,30,United States,Male,Right-handed,Exp,Recognition,,,,"{""recognition"":""cart""}",cart,0.3635467672855286,0.0
101,,,,102,2,recognition,sandal,sandal_mooney,target,upside_down,pre,null,0skdn6l7m6uh0fx,survey-text-autocomplete,491,564184,0.0-11.0-6.101-4.101,Firefox,137.0,Windows,10,undefined,undefined,2048 x 1152,2048 x 972,https://exponline.ugr.es/publix/939/997/start?srid=18438,5ceef0e84f74e10001809db1,23,30,United States,Male,Right-handed,Exp,Recognition,,,,"{""recognition"":""car""}",car,0.7288184774171919,0.0
102,,,,103,2,recognition,shears,shears_mooney,target,regular,post,null,0skdn6l7m6uh0fx,survey-text-autocomplete,498,569493,0.0-11.0-6.102-4.102,Firefox,137.0,Windows,10,undefined,undefined,2048 x 1152,2048 x 972,https://exponline.ugr.es/publix/939/997/start?srid=18438,5ceef0e84f74e10001809db1,23,30,United States,Male,Right-handed,Exp,Recognition,,,,"{""recognition"":""hatchet""}",hatchet,0.6348231132990076,0.0
103,,,,104,2,recognition,sidecar,sidecar_mooney,target,regular,pre,null,0skdn6l7m6uh0fx,survey-text-autocomplete,505,574968,0.0-11.0-6.103-4.103,Firefox,137.0,Windows,10,undefined,undefined,2048 x 1152,2048 x 972,https://exponline.ugr.es/publix/939/997/start?srid=18438,5ceef0e84f74e10001809db1,23,30,United States,Male,Right-handed,Exp,Recognition,,,,"{""recognition"":""snail""}",snail,0.6915628754597152,0.0
104,,,,105,2,recognition,gutter,gutter_mooney,catch,upside_down,post,null,0skdn6l7m6uh0fx,survey-text-autocomplete,512,586992,0.0-11.0-6.104-4.104,Firefox,137.0,Windows,10,undefined,undefined,2048 x 1152,2048 x 972,https://exponline.ugr.es/publix/939/997/start?srid=18438,5ceef0e84f74e10001809db1,23,30,United States,Male,Right-handed,Exp,Recognition,,,,"{""recognition"":""sink""}",sink,0.4620983310616006,0.0
105,,,,106,2,recognition,garlic,garlic_mooney,target,horizontal_flip,pre,null,0skdn6l7m6uh0fx,survey-text-autocomplete,519,592046,0.0-11.0-6.105-4.105,Firefox,137.0,Windows,10,undefined,undefined,2048 x 1152,2048 x 972,https://exponline.ugr.es/publix/939/997/start?srid=18438,5ceef0e84f74e10001809db1,23,30,United States,Male,Right-handed,Exp,Recognition,,,,"{""recognition"":""fruit""}",fruit,0.492717915418487,0.0
106,,,,107,2,recognition,sidecar,sidecar,target,regular,color,null,0skdn6l7m6uh0fx,survey-text-autocomplete,526,600141,0.0-11.0-6.106-4.106,Firefox,137.0,Windows,10,undefined,undefined,2048 x 1152,2048 x 972,https://exponline.ugr.es/publix/939/997/start?srid=18438,5ceef0e84f74e10001809db1,23,30,United States,Male,Right-handed,Exp,Recognition,,,,"{""recognition"":""motorcoach""}",motorcoach,0.5171173128285698,0.0
107,,,,108,2,recognition,sandal,sandal,target,upside_down,color,null,0skdn6l7m6uh0fx,survey-text-autocomplete,533,605151,0.0-11.0-6.107-4.107,Firefox,137.0,Windows,10,undefined,undefined,2048 x 1152,2048 x 972,https://exponline.ugr.es/publix/939/997/start?srid=18438,5ceef0e84f74e10001809db1,23,30,United States,Male,Right-handed,Exp,Recognition,,,,"{""recognition"":""sandal""}",sandal,0.0,1.0
108,,,,109,2,recognition,garlic,garlic,target,horizontal_flip,color,null,0skdn6l7m6uh0fx,survey-text-autocomplete,540,610255,0.0-11.0-6.108-4.108,Firefox,137.0,Windows,10,undefined,undefined,2048 x 1152,2048 x 972,https://exponline.ugr.es/publix/939/997/start?srid=18438,5ceef0e84f74e10001809db1,23,30,United States,Male,Right-handed,Exp,Recognition,,,,"{""recognition"":""garlic""}",garlic,0.0,1.0
109,669,"<div class=""InstrBx""><div class=""img-container""><img src=""stim/sandal_mooney_dot_on7.jpg"" style=""width: 500px; height: ""500px; transform: scaleY(-1) ; ""></img></div></div>",69,110,3,dot,sandal,sandal_mooney_dot_on7,target,upside_down,post,on,0skdn6l7m6uh0fx,html-keyboard-response,546,615338,0.0-11.0-5.109-1.109,Firefox,137.0,Windows,10,undefined,undefined,2048 x 1152,2048 x 972,https://exponline.ugr.es/publix/939/997/start?srid=18438,5ceef0e84f74e10001809db1,23,30,United States,Male,Right-handed,Exp,dot_recog,e,1,1,,,,
110,1316,"<div class=""InstrBx""><div class=""img-container""><img src=""stim/garlic_mooney_dot_off8.jpg"" style=""width: 500px; height: ""500px; transform: ; ""></img></div></div>",69,111,3,dot,garlic,garlic_mooney_dot_off8,target,horizontal_flip,post,off,0skdn6l7m6uh0fx,html-keyboard-response,550,617674,0.0-11.0-5.110-1.110,Firefox,137.0,Windows,10,undefined,undefined,2048 x 1152,2048 x 972,https://exponline.ugr.es/publix/939/997/start?srid=18438,5ceef0e84f74e10001809db1,23,30,United States,Male,Right-handed,Exp,dot_recog,e,1,0,,,,
111,2169,"<div class=""InstrBx""><div class=""img-container""><img src=""stim/drill_mooney_dot_on1.jpg"" style=""width: 500px; height: ""500px; transform: scaleY(-1) ; ""></img></div></div>",69,112,3,dot,drill,drill_mooney_dot_on1,target,upside_down,pre,on,0skdn6l7m6uh0fx,html-keyboard-response,554,620866,0.0-11.0-5.111-1.111,Firefox,137.0,Windows,10,undefined,undefined,2048 x 1152,2048 x 972,https://exponline.ugr.es/publix/939/997/start?srid=18438,5ceef0e84f74e10001809db1,23,30,United States,Male,Right-handed,Exp,dot_recog,e,1,1,,,,
112,814,"<div class=""InstrBx""><div class=""img-container""><img src=""stim/sandal_mooney_dot_off8.jpg"" style=""width: 500px; height: ""500px; transform: scaleY(-1) ; ""></img></div></div>",73,113,3,dot,sandal,sandal_mooney_dot_off8,target,upside_down,post,off,0skdn6l7m6uh0fx,html-keyboard-response,558,622690,0.0-11.0-5.112-1.112,Firefox,137.0,Windows,10,undefined,undefined,2048 x 1152,2048 x 972,https://exponline.ugr.es/publix/939/997/start?srid=18438,5ceef0e84f74e10001809db1,23,30,United States,Male,Right-handed,Exp,dot_recog,i,0,1,,,,
113,1661,"<div class=""InstrBx""><div class=""img-container""><img src=""stim/bat2_mooney_dot_off2.jpg"" style=""width: 500px; height: ""500px; transform: ; ""></img></div></div>",73,114,3,dot,bat2,bat2_mooney_dot_off2,target,horizontal_flip,pre,off,0skdn6l7m6uh0fx,html-keyboard-response,562,625371,0.0-11.0-5.113-1.113,Firefox,137.0,Windows,10,undefined,undefined,2048 x 1152,2048 x 972,https://exponline.ugr.es/publix/939/997/start?srid=18438,5ceef0e84f74e10001809db1,23,30,United States,Male,Right-handed,Exp,dot_recog,i,0,1,,,,
114,3846,"<div class=""InstrBx""><div class=""img-container""><img src=""stim/sidecar_mooney_dot_on5.jpg"" style=""width: 500px; height: ""500px; transform: ; ""></img></div></div>",69,115,3,dot,sidecar,sidecar_mooney_dot_on5,target,regular,post,on,0skdn6l7m6uh0fx,html-keyboard-response,566,630236,0.0-11.0-5.114-1.114,Firefox,137.0,Windows,10,undefined,undefined,2048 x 1152,2048 x 972,https://exponline.ugr.es/publix/939/997/start?srid=18438,5ceef0e84f74e10001809db1,23,30,United States,Male,Right-handed,Exp,dot_recog,e,1,1,,,,
115,2116,"<div class=""InstrBx""><div class=""img-container""><img src=""stim/bat2_mooney_dot_on3.jpg"" style=""width: 500px; height: ""500px; transform: ; ""></img></div></div>",73,116,3,dot,bat2,bat2_mooney_dot_on3,target,horizontal_flip,pre,on,0skdn6l7m6uh0fx,html-keyboard-response,570,633364,0.0-11.0-5.115-1.115,Firefox,137.0,Windows,10,undefined,undefined,2048 x 1152,2048 x 972,https://exponline.ugr.es/publix/939/997/start?srid=18438,5ceef0e84f74e10001809db1,23,30,United States,Male,Right-handed,Exp,dot_recog,i,0,0,,,,
116,1124,"<div class=""InstrBx""><div class=""img-container""><img src=""stim/parking_meter_mooney_dot_on3.jpg"" style=""width: 500px; height: ""500px; transform: ; ""></img></div></div>",69,117,3,dot,parking_meter,parking_meter_mooney_dot_on3,target,regular,pre,on,0skdn6l7m6uh0fx,html-keyboard-response,574,635508,0.0-11.0-5.116-1.116,Firefox,137.0,Windows,10,undefined,undefined,2048 x 1152,2048 x 972,https://exponline.ugr.es/publix/939/997/start?srid=18438,5ceef0e84f74e10001809db1,23,30,United States,Male,Right-handed,Exp,dot_recog,e,1,1,,,,
117,730,"<div class=""InstrBx""><div class=""img-container""><img src=""stim/garlic_mooney_dot_on5.jpg"" style=""width: 500px; height: ""500px; transform: ; ""></img></div></div>",69,118,3,dot,garlic,garlic_mooney_dot_on5,target,horizontal_flip,post,on,0skdn6l7m6uh0fx,html-keyboard-response,578,637268,0.0-11.0-5.117-1.117,Firefox,137.0,Windows,10,undefined,undefined,2048 x 1152,2048 x 972,https://exponline.ugr.es/publix/939/997/start?srid=18438,5ceef0e84f74e10001809db1,23,30,United States,Male,Right-handed,Exp,dot_recog,e,1,1,,,,
118,574,"<div class=""InstrBx""><div class=""img-container""><img src=""stim/sandal_mooney_dot_on5.jpg"" style=""width: 500px; height: ""500px; transform: scaleY(-1) ; ""></img></div></div>",69,119,3,dot,sandal,sandal_mooney_dot_on5,target,upside_down,post,on,0skdn6l7m6uh0fx,html-keyboard-response,582,638853,0.0-11.0-5.118-1.118,Firefox,137.0,Windows,10,undefined,undefined,2048 x 1152,2048 x 972,https://exponline.ugr.es/publix/939/997/start?srid=18438,5ceef0e84f74e10001809db1,23,30,United States,Male,Right-handed,Exp,dot_recog,e,1,1,,,,
119,948,"<div class=""InstrBx""><div class=""img-container""><img src=""stim/sidecar_mooney_dot_off6.jpg"" style=""width: 500px; height: ""500px; transform: ; ""></img></div></div>",73,120,3,dot,sidecar,sidecar_mooney_dot_off6,target,regular,post,off,0skdn6l7m6uh0fx,html-keyboard-response,586,640821,0.0-11.0-5.119-1.119,Firefox,137.0,Windows,10,undefined,undefined,2048 x 1152,2048 x 972,https://exponline.ugr.es/publix/939/997/start?srid=18438,5ceef0e84f74e10001809db1,23,30,United States,Male,Right-handed,Exp,dot_recog,i,0,1,,,,
120,2292,"<div class=""InstrBx""><div class=""img-container""><img src=""stim/parking_meter_mooney_dot_off2.jpg"" style=""width: 500px; height: ""500px; transform: ; ""></img></div></div>",73,121,3,dot,parking_meter,parking_meter_mooney_dot_off2,target,regular,pre,off,0skdn6l7m6uh0fx,html-keyboard-response,590,644173,0.0-11.0-5.120-1.120,Firefox,137.0,Windows,10,undefined,undefined,2048 x 1152,2048 x 972,https://exponline.ugr.es/publix/939/997/start?srid=18438,5ceef0e84f74e10001809db1,23,30,United States,Male,Right-handed,Exp,dot_recog,i,0,1,,,,
121,921,"<div class=""InstrBx""><div class=""img-container""><img src=""stim/garlic_mooney_dot_off6.jpg"" style=""width: 500px; height: ""500px; transform: ; ""></img></div></div>",73,122,3,dot,garlic,garlic_mooney_dot_off6,target,horizontal_flip,post,off,0skdn6l7m6uh0fx,html-keyboard-response,594,646117,0.0-11.0-5.121-1.121,Firefox,137.0,Windows,10,undefined,undefined,2048 x 1152,2048 x 972,https://exponline.ugr.es/publix/939/997/start?srid=18438,5ceef0e84f74e10001809db1,23,30,United States,Male,Right-handed,Exp,dot_recog,i,0,1,,,,
122,1727,"<div class=""InstrBx""><div class=""img-container""><img src=""stim/lip_gloss_mooney_dot_off8.jpg"" style=""width: 500px; height: ""500px; transform: ; ""></img></div></div>",73,123,3,dot,lip_gloss,lip_gloss_mooney_dot_off8,catch,horizontal_flip,post,off,0skdn6l7m6uh0fx,html-keyboard-response,598,648862,0.0-11.0-5.122-1.122,Firefox,137.0,Windows,10,undefined,undefined,2048 x 1152,2048 x 972,https://exponline.ugr.es/publix/939/997/start?srid=18438,5ceef0e84f74e10001809db1,23,30,United States,Male,Right-handed,Exp,dot_recog,i,0,1,,,,
123,3284,"<div class=""InstrBx""><div class=""img-container""><img src=""stim/drill_mooney_dot_off4.jpg"" style=""width: 500px; height: ""500px; transform: scaleY(-1) ; ""></img></div></div>",69,124,3,dot,drill,drill_mooney_dot_off4,target,upside_down,pre,off,0skdn6l7m6uh0fx,html-keyboard-response,602,653166,0.0-11.0-5.123-1.123,Firefox,137.0,Windows,10,undefined,undefined,2048 x 1152,2048 x 972,https://exponline.ugr.es/publix/939/997/start?srid=18438,5ceef0e84f74e10001809db1,23,30,United States,Male,Right-handed,Exp,dot_recog,e,1,0,,,,
124,942,"<div class=""InstrBx""><div class=""img-container""><img src=""stim/sandal_mooney_dot_off6.jpg"" style=""width: 500px; height: ""500px; transform: scaleY(-1) ; ""></img></div></div>",73,125,3,dot,sandal,sandal_mooney_dot_off6,target,upside_down,post,off,0skdn6l7m6uh0fx,html-keyboard-response,606,655126,0.0-11.0-5.124-1.124,Firefox,137.0,Windows,10,undefined,undefined,2048 x 1152,2048 x 972,https://exponline.ugr.es/publix/939/997/start?srid=18438,5ceef0e84f74e10001809db1,23,30,United States,Male,Right-handed,Exp,dot_recog,i,0,1,,,,
125,1047,"<div class=""InstrBx""><div class=""img-container""><img src=""stim/lip_gloss_mooney_dot_off6.jpg"" style=""width: 500px; height: ""500px; transform: ; ""></img></div></div>",73,126,3,dot,lip_gloss,lip_gloss_mooney_dot_off6,catch,horizontal_flip,post,off,0skdn6l7m6uh0fx,html-keyboard-response,610,657190,0.0-11.0-5.125-1.125,Firefox,137.0,Windows,10,undefined,undefined,2048 x 1152,2048 x 972,https://exponline.ugr.es/publix/939/997/start?srid=18438,5ceef0e84f74e10001809db1,23,30,United States,Male,Right-handed,Exp,dot_recog,i,0,1,,,,
126,994,"<div class=""InstrBx""><div class=""img-container""><img src=""stim/garlic_mooney_dot_on7.jpg"" style=""width: 500px; height: ""500px; transform: ; ""></img></div></div>",69,127,3,dot,garlic,garlic_mooney_dot_on7,target,horizontal_flip,post,on,0skdn6l7m6uh0fx,html-keyboard-response,614,659199,0.0-11.0-5.126-1.126,Firefox,137.0,Windows,10,undefined,undefined,2048 x 1152,2048 x 972,https://exponline.ugr.es/publix/939/997/start?srid=18438,5ceef0e84f74e10001809db1,23,30,United States,Male,Right-handed,Exp,dot_recog,e,1,1,,,,
127,1278,"<div class=""InstrBx""><div class=""img-container""><img src=""stim/drill_mooney_dot_off2.jpg"" style=""width: 500px; height: ""500px; transform: scaleY(-1) ; ""></img></div></div>",69,128,3,dot,drill,drill_mooney_dot_off2,target,upside_down,pre,off,0skdn6l7m6uh0fx,html-keyboard-response,618,661494,0.0-11.0-5.127-1.127,Firefox,137.0,Windows,10,undefined,undefined,2048 x 1152,2048 x 972,https://exponline.ugr.es/publix/939/997/start?srid=18438,5ceef0e84f74e10001809db1,23,30,United States,Male,Right-handed,Exp,dot_recog,e,1,0,,,,
128,927,"<div class=""InstrBx""><div class=""img-container""><img src=""stim/parking_meter_mooney_dot_on1.jpg"" style=""width: 500px; height: ""500px; transform: ; ""></img></div></div>",69,129,3,dot,parking_meter,parking_meter_mooney_dot_on1,target,regular,pre,on,0skdn6l7m6uh0fx,html-keyboard-response,622,663439,0.0-11.0-5.128-1.128,Firefox,137.0,Windows,10,undefined,undefined,2048 x 1152,2048 x 972,https://exponline.ugr.es/publix/939/997/start?srid=18438,5ceef0e84f74e10001809db1,23,30,United States,Male,Right-handed,Exp,dot_recog,e,1,1,,,,
129,604,"<div class=""InstrBx""><div class=""img-container""><img src=""stim/lip_gloss_mooney_dot_on5.jpg"" style=""width: 500px; height: ""500px; transform: ; ""></img></div></div>",69,130,3,dot,lip_gloss,lip_gloss_mooney_dot_on5,catch,horizontal_flip,post,on,0skdn6l7m6uh0fx,html-keyboard-response,626,665064,0.0-11.0-5.129-1.129,Firefox,137.0,Windows,10,undefined,undefined,2048 x 1152,2048 x 972,https://exponline.ugr.es/publix/939/997/start?srid=18438,5ceef0e84f74e10001809db1,23,30,United States,Male,Right-handed,Exp,dot_recog,e,1,1,,,,
130,null,"<div class=""InstrBx""><div class=""img-container""><img src=""stim/sidecar_mooney_dot_on7.jpg"" style=""width: 500px; height: ""500px; transform: ; ""></img></div></div>",null,131,3,dot,sidecar,sidecar_mooney_dot_on7,target,regular,post,on,0skdn6l7m6uh0fx,html-keyboard-response,630,671094,0.0-11.0-5.130-1.130,Firefox,137.0,Windows,10,undefined,undefined,2048 x 1152,2048 x 972,https://exponline.ugr.es/publix/939/997/start?srid=18438,5ceef0e84f74e10001809db1,23,30,United States,Male,Right-handed,Exp,dot_recog,,0,0,,,,
131,2051,"<div class=""InstrBx""><div class=""img-container""><img src=""stim/bat2_mooney_dot_off4.jpg"" style=""width: 500px; height: ""500px; transform: ; ""></img></div></div>",73,132,3,dot,bat2,bat2_mooney_dot_off4,target,horizontal_flip,pre,off,0skdn6l7m6uh0fx,html-keyboard-response,634,674160,0.0-11.0-5.131-1.131,Firefox,137.0,Windows,10,undefined,undefined,2048 x 1152,2048 x 972,https://exponline.ugr.es/publix/939/997/start?srid=18438,5ceef0e84f74e10001809db1,23,30,United States,Male,Right-handed,Exp,dot_recog,i,0,1,,,,
132,820,"<div class=""InstrBx""><div class=""img-container""><img src=""stim/parking_meter_mooney_dot_off4.jpg"" style=""width: 500px; height: ""500px; transform: ; ""></img></div></div>",73,133,3,dot,parking_meter,parking_meter_mooney_dot_off4,target,regular,pre,off,0skdn6l7m6uh0fx,html-keyboard-response,638,676000,0.0-11.0-5.132-1.132,Firefox,137.0,Windows,10,undefined,undefined,2048 x 1152,2048 x 972,https://exponline.ugr.es/publix/939/997/start?srid=18438,5ceef0e84f74e10001809db1,23,30,United States,Male,Right-handed,Exp,dot_recog,i,0,1,,,,
133,1413,"<div class=""InstrBx""><div class=""img-container""><img src=""stim/drill_mooney_dot_on3.jpg"" style=""width: 500px; height: ""500px; transform: scaleY(-1) ; ""></img></div></div>",69,134,3,dot,drill,drill_mooney_dot_on3,target,upside_down,pre,on,0skdn6l7m6uh0fx,html-keyboard-response,642,678425,0.0-11.0-5.133-1.133,Firefox,137.0,Windows,10,undefined,undefined,2048 x 1152,2048 x 972,https://exponline.ugr.es/publix/939/997/start?srid=18438,5ceef0e84f74e10001809db1,23,30,United States,Male,Right-handed,Exp,dot_recog,e,1,1,,,,
134,1245,"<div class=""InstrBx""><div class=""img-container""><img src=""stim/bat2_mooney_dot_on1.jpg"" style=""width: 500px; height: ""500px; transform: ; ""></img></div></div>",69,135,3,dot,bat2,bat2_mooney_dot_on1,target,horizontal_flip,pre,on,0skdn6l7m6uh0fx,html-keyboard-response,646,680689,0.0-11.0-5.134-1.134,Firefox,137.0,Windows,10,undefined,undefined,2048 x 1152,2048 x 972,https://exponline.ugr.es/publix/939/997/start?srid=18438,5ceef0e84f74e10001809db1,23,30,United States,Male,Right-handed,Exp,dot_recog,e,1,1,,,,
135,1597,"<div class=""InstrBx""><div class=""img-container""><img src=""stim/sidecar_mooney_dot_off8.jpg"" style=""width: 500px; height: ""500px; transform: ; ""></img></div></div>",69,136,3,dot,sidecar,sidecar_mooney_dot_off8,target,regular,post,off,0skdn6l7m6uh0fx,html-keyboard-response,650,683297,0.0-11.0-5.135-1.135,Firefox,137.0,Windows,10,undefined,undefined,2048 x 1152,2048 x 972,https://exponline.ugr.es/publix/939/997/start?srid=18438,5ceef0e84f74e10001809db1,23,30,United States,Male,Right-handed,Exp,dot_recog,e,1,0,,,,
136,807,"<div class=""InstrBx""><div class=""img-container""><img src=""stim/lip_gloss_mooney_dot_on7.jpg"" style=""width: 500px; height: ""500px; transform: ; ""></img></div></div>",69,137,3,dot,lip_gloss,lip_gloss_mooney_dot_on7,catch,horizontal_flip,post,on,0skdn6l7m6uh0fx,html-keyboard-response,654,685177,0.0-11.0-5.136-1.136,Firefox,137.0,Windows,10,undefined,undefined,2048 x 1152,2048 x 972,https://exponline.ugr.es/publix/939/997/start?srid=18438,5ceef0e84f74e10001809db1,23,30,United States,Male,Right-handed,Exp,dot_recog,e,1,1,,,,
137,,,,138,3,recognition,sidecar,sidecar_mooney,target,regular,post,null,0skdn6l7m6uh0fx,survey-text-autocomplete,662,693582,0.0-11.0-6.137-4.137,Firefox,137.0,Windows,10,undefined,undefined,2048 x 1152,2048 x 972,https://exponline.ugr.es/publix/939/997/start?srid=18438,5ceef0e84f74e10001809db1,23,30,United States,Male,Right-handed,Exp,Recognition,,,,"{""recognition"":""motorcoach""}",motorcoach,0.5171173128285698,0.0
138,,,,139,3,recognition,drill,drill_mooney,target,upside_down,pre,null,0skdn6l7m6uh0fx,survey-text-autocomplete,669,701635,0.0-11.0-6.138-4.138,Firefox,137.0,Windows,10,undefined,undefined,2048 x 1152,2048 x 972,https://exponline.ugr.es/publix/939/997/start?srid=18438,5ceef0e84f74e10001809db1,23,30,United States,Male,Right-handed,Exp,Recognition,,,,"{""recognition"":""umbrella""}",umbrella,0.7900536292987269,0.0
139,,,,140,3,recognition,bat2,bat2_mooney,target,horizontal_flip,pre,null,0skdn6l7m6uh0fx,survey-text-autocomplete,676,707457,0.0-11.0-6.139-4.139,Firefox,137.0,Windows,10,undefined,undefined,2048 x 1152,2048 x 972,https://exponline.ugr.es/publix/939/997/start?srid=18438,5ceef0e84f74e10001809db1,23,30,United States,Male,Right-handed,Exp,Recognition,,,,"{""recognition"":""submarine""}",submarine,0.8366691608242447,0.0
140,,,,141,3,recognition,parking_meter,parking_meter_mooney,target,regular,pre,null,0skdn6l7m6uh0fx,survey-text-autocomplete,683,713690,0.0-11.0-6.140-4.140,Firefox,137.0,Windows,10,undefined,undefined,2048 x 1152,2048 x 972,https://exponline.ugr.es/publix/939/997/start?srid=18438,5ceef0e84f74e10001809db1,23,30,United States,Male,Right-handed,Exp,Recognition,,,,"{""recognition"":""tower""}",tower,0.7057684162306822,0.0
141,,,,142,3,recognition,sandal,sandal_mooney,target,upside_down,post,null,0skdn6l7m6uh0fx,survey-text-autocomplete,690,718025,0.0-11.0-6.141-4.141,Firefox,137.0,Windows,10,undefined,undefined,2048 x 1152,2048 x 972,https://exponline.ugr.es/publix/939/997/start?srid=18438,5ceef0e84f74e10001809db1,23,30,United States,Male,Right-handed,Exp,Recognition,,,,"{""recognition"":""car""}",car,0.7288184774171919,0.0
142,,,,143,3,recognition,lip_gloss,lip_gloss_mooney,catch,horizontal_flip,post,null,0skdn6l7m6uh0fx,survey-text-autocomplete,697,722680,0.0-11.0-6.142-4.142,Firefox,137.0,Windows,10,undefined,undefined,2048 x 1152,2048 x 972,https://exponline.ugr.es/publix/939/997/start?srid=18438,5ceef0e84f74e10001809db1,23,30,United States,Male,Right-handed,Exp,Recognition,,,,"{""recognition"":""wine bottle""}",wine_bottle,0.7693372922437504,0.0
143,,,,144,3,recognition,garlic,garlic_mooney,target,horizontal_flip,post,null,0skdn6l7m6uh0fx,survey-text-autocomplete,704,727492,0.0-11.0-6.143-4.143,Firefox,137.0,Windows,10,undefined,undefined,2048 x 1152,2048 x 972,https://exponline.ugr.es/publix/939/997/start?srid=18438,5ceef0e84f74e10001809db1,23,30,United States,Male,Right-handed,Exp,Recognition,,,,"{""recognition"":""garlic""}",garlic,0.0,1.0
144,,,,145,3,recognition,parking_meter,parking_meter,target,regular,color,null,0skdn6l7m6uh0fx,survey-text-autocomplete,711,733249,0.0-11.0-6.144-4.144,Firefox,137.0,Windows,10,undefined,undefined,2048 x 1152,2048 x 972,https://exponline.ugr.es/publix/939/997/start?srid=18438,5ceef0e84f74e10001809db1,23,30,United States,Male,Right-handed,Exp,Recognition,,,,"{""recognition"":""phone booth""}",phone_booth,0.5459345682803365,0.0
145,,,,146,3,recognition,drill,drill,target,upside_down,color,null,0skdn6l7m6uh0fx,survey-text-autocomplete,718,737990,0.0-11.0-6.145-4.145,Firefox,137.0,Windows,10,undefined,undefined,2048 x 1152,2048 x 972,https://exponline.ugr.es/publix/939/997/start?srid=18438,5ceef0e84f74e10001809db1,23,30,United States,Male,Right-handed,Exp,Recognition,,,,"{""recognition"":""drill""}",drill,0.0,1.0
146,,,,147,3,recognition,bat2,bat2,target,horizontal_flip,color,null,0skdn6l7m6uh0fx,survey-text-autocomplete,725,745638,0.0-11.0-6.146-4.146,Firefox,137.0,Windows,10,undefined,undefined,2048 x 1152,2048 x 972,https://exponline.ugr.es/publix/939/997/start?srid=18438,5ceef0e84f74e10001809db1,23,30,United States,Male,Right-handed,Exp,Recognition,,,,"{""recognition"":""bat (sports)""}",bat2,0.0,1.0
147,1769,"<div class=""InstrBx""><div class=""img-container""><img src=""stim/parking_meter_mooney_dot_off8.jpg"" style=""width: 500px; height: ""500px; transform: ; ""></img></div></div>",73,148,4,dot,parking_meter,parking_meter_mooney_dot_off8,target,regular,post,off,0skdn6l7m6uh0fx,html-keyboard-response,731,751672,0.0-11.0-5.147-1.147,Firefox,137.0,Windows,10,undefined,undefined,2048 x 1152,2048 x 972,https://exponline.ugr.es/publix/939/997/start?srid=18438,5ceef0e84f74e10001809db1,23,30,United States,Male,Right-handed,Exp,dot_recog,i,0,1,,,,
148,2595,"<div class=""InstrBx""><div class=""img-container""><img src=""stim/drill_mooney_dot_off6.jpg"" style=""width: 500px; height: ""500px; transform: scaleY(-1) ; ""></img></div></div>",73,149,4,dot,drill,drill_mooney_dot_off6,target,upside_down,post,off,0skdn6l7m6uh0fx,html-keyboard-response,735,755290,0.0-11.0-5.148-1.148,Firefox,137.0,Windows,10,undefined,undefined,2048 x 1152,2048 x 972,https://exponline.ugr.es/publix/939/997/start?srid=18438,5ceef0e84f74e10001809db1,23,30,United States,Male,Right-handed,Exp,dot_recog,i,0,1,,,,
149,2449,"<div class=""InstrBx""><div class=""img-container""><img src=""stim/aloe_mooney_dot_off2.jpg"" style=""width: 500px; height: ""500px; transform: ; ""></img></div></div>",69,150,4,dot,aloe,aloe_mooney_dot_off2,target,horizontal_flip,pre,off,0skdn6l7m6uh0fx,html-keyboard-response,739,758754,0.0-11.0-5.149-1.149,Firefox,137.0,Windows,10,undefined,undefined,2048 x 1152,2048 x 972,https://exponline.ugr.es/publix/939/997/start?srid=18438,5ceef0e84f74e10001809db1,23,30,United States,Male,Right-handed,Exp,dot_recog,e,1,0,,,,
150,2647,"<div class=""InstrBx""><div class=""img-container""><img src=""stim/bat2_mooney_dot_off8.jpg"" style=""width: 500px; height: ""500px; transform: ; ""></img></div></div>",69,151,4,dot,bat2,bat2_mooney_dot_off8,target,horizontal_flip,post,off,0skdn6l7m6uh0fx,html-keyboard-response,743,762418,0.0-11.0-5.150-1.150,Firefox,137.0,Windows,10,undefined,undefined,2048 x 1152,2048 x 972,https://exponline.ugr.es/publix/939/997/start?srid=18438,5ceef0e84f74e10001809db1,23,30,United States,Male,Right-handed,Exp,dot_recog,e,1,0,,,,
151,779,"<div class=""InstrBx""><div class=""img-container""><img src=""stim/parking_meter_mooney_dot_on5.jpg"" style=""width: 500px; height: ""500px; transform: ; ""></img></div></div>",69,152,4,dot,parking_meter,parking_meter_mooney_dot_on5,target,regular,post,on,0skdn6l7m6uh0fx,html-keyboard-response,747,764210,0.0-11.0-5.151-1.151,Firefox,137.0,Windows,10,undefined,undefined,2048 x 1152,2048 x 972,https://exponline.ugr.es/publix/939/997/start?srid=18438,5ceef0e84f74e10001809db1,23,30,United States,Male,Right-handed,Exp,dot_recog,e,1,1,,,,
152,2678,"<div class=""InstrBx""><div class=""img-container""><img src=""stim/bat2_mooney_dot_on7.jpg"" style=""width: 500px; height: ""500px; transform: ; ""></img></div></div>",69,153,4,dot,bat2,bat2_mooney_dot_on7,target,horizontal_flip,post,on,0skdn6l7m6uh0fx,html-keyboard-response,751,767938,0.0-11.0-5.152-1.152,Firefox,137.0,Windows,10,undefined,undefined,2048 x 1152,2048 x 972,https://exponline.ugr.es/publix/939/997/start?srid=18438,5ceef0e84f74e10001809db1,23,30,United States,Male,Right-handed,Exp,dot_recog,e,1,1,,,,
153,4696,"<div class=""InstrBx""><div class=""img-container""><img src=""stim/drill_mooney_dot_off8.jpg"" style=""width: 500px; height: ""500px; transform: scaleY(-1) ; ""></img></div></div>",69,154,4,dot,drill,drill_mooney_dot_off8,target,upside_down,post,off,0skdn6l7m6uh0fx,html-keyboard-response,755,773659,0.0-11.0-5.153-1.153,Firefox,137.0,Windows,10,undefined,undefined,2048 x 1152,2048 x 972,https://exponline.ugr.es/publix/939/997/start?srid=18438,5ceef0e84f74e10001809db1,23,30,United States,Male,Right-handed,Exp,dot_recog,e,1,0,,,,
154,2349,"<div class=""InstrBx""><div class=""img-container""><img src=""stim/surfboard_mooney_dot_off2.jpg"" style=""width: 500px; height: ""500px; transform: ; ""></img></div></div>",69,155,4,dot,surfboard,surfboard_mooney_dot_off2,target,regular,pre,off,0skdn6l7m6uh0fx,html-keyboard-response,759,777028,0.0-11.0-5.154-1.154,Firefox,137.0,Windows,10,undefined,undefined,2048 x 1152,2048 x 972,https://exponline.ugr.es/publix/939/997/start?srid=18438,5ceef0e84f74e10001809db1,23,30,United States,Male,Right-handed,Exp,dot_recog,e,1,0,,,,
155,2208,"<div class=""InstrBx""><div class=""img-container""><img src=""stim/ginger_mooney_dot_on1.jpg"" style=""width: 500px; height: ""500px; transform: scaleY(-1) ; ""></img></div></div>",69,156,4,dot,ginger,ginger_mooney_dot_on1,target,upside_down,pre,on,0skdn6l7m6uh0fx,html-keyboard-response,763,780252,0.0-11.0-5.155-1.155,Firefox,137.0,Windows,10,undefined,undefined,2048 x 1152,2048 x 972,https://exponline.ugr.es/publix/939/997/start?srid=18438,5ceef0e84f74e10001809db1,23,30,United States,Male,Right-handed,Exp,dot_recog,e,1,1,,,,
156,2184,"<div class=""InstrBx""><div class=""img-container""><img src=""stim/surfboard_mooney_dot_off4.jpg"" style=""width: 500px; height: ""500px; transform: ; ""></img></div></div>",69,157,4,dot,surfboard,surfboard_mooney_dot_off4,target,regular,pre,off,0skdn6l7m6uh0fx,html-keyboard-response,767,783461,0.0-11.0-5.156-1.156,Firefox,137.0,Windows,10,undefined,undefined,2048 x 1152,2048 x 972,https://exponline.ugr.es/publix/939/997/start?srid=18438,5ceef0e84f74e10001809db1,23,30,United States,Male,Right-handed,Exp,dot_recog,e,1,0,,,,
157,1115,"<div class=""InstrBx""><div class=""img-container""><img src=""stim/aloe_mooney_dot_on3.jpg"" style=""width: 500px; height: ""500px; transform: ; ""></img></div></div>",69,158,4,dot,aloe,aloe_mooney_dot_on3,target,horizontal_flip,pre,on,0skdn6l7m6uh0fx,html-keyboard-response,771,785596,0.0-11.0-5.157-1.157,Firefox,137.0,Windows,10,undefined,undefined,2048 x 1152,2048 x 972,https://exponline.ugr.es/publix/939/997/start?srid=18438,5ceef0e84f74e10001809db1,23,30,United States,Male,Right-handed,Exp,dot_recog,e,1,1,,,,
158,558,"<div class=""InstrBx""><div class=""img-container""><img src=""stim/surfboard_mooney_dot_on3.jpg"" style=""width: 500px; height: ""500px; transform: ; ""></img></div></div>",69,159,4,dot,surfboard,surfboard_mooney_dot_on3,target,regular,pre,on,0skdn6l7m6uh0fx,html-keyboard-response,775,787172,0.0-11.0-5.158-1.158,Firefox,137.0,Windows,10,undefined,undefined,2048 x 1152,2048 x 972,https://exponline.ugr.es/publix/939/997/start?srid=18438,5ceef0e84f74e10001809db1,23,30,United States,Male,Right-handed,Exp,dot_recog,e,1,1,,,,
159,1291,"<div class=""InstrBx""><div class=""img-container""><img src=""stim/parking_meter_mooney_dot_on7.jpg"" style=""width: 500px; height: ""500px; transform: ; ""></img></div></div>",69,160,4,dot,parking_meter,parking_meter_mooney_dot_on7,target,regular,post,on,0skdn6l7m6uh0fx,html-keyboard-response,779,789485,0.0-11.0-5.159-1.159,Firefox,137.0,Windows,10,undefined,undefined,2048 x 1152,2048 x 972,https://exponline.ugr.es/publix/939/997/start?srid=18438,5ceef0e84f74e10001809db1,23,30,United States,Male,Right-handed,Exp,dot_recog,e,1,1,,,,
160,1841,"<div class=""InstrBx""><div class=""img-container""><img src=""stim/ginger_mooney_dot_on3.jpg"" style=""width: 500px; height: ""500px; transform: scaleY(-1) ; ""></img></div></div>",69,161,4,dot,ginger,ginger_mooney_dot_on3,target,upside_down,pre,on,0skdn6l7m6uh0fx,html-keyboard-response,783,792349,0.0-11.0-5.160-1.160,Firefox,137.0,Windows,10,undefined,undefined,2048 x 1152,2048 x 972,https://exponline.ugr.es/publix/939/997/start?srid=18438,5ceef0e84f74e10001809db1,23,30,United States,Male,Right-handed,Exp,dot_recog,e,1,1,,,,
161,641,"<div class=""InstrBx""><div class=""img-container""><img src=""stim/surfboard_mooney_dot_on1.jpg"" style=""width: 500px; height: ""500px; transform: ; ""></img></div></div>",69,162,4,dot,surfboard,surfboard_mooney_dot_on1,target,regular,pre,on,0skdn6l7m6uh0fx,html-keyboard-response,787,794005,0.0-11.0-5.161-1.161,Firefox,137.0,Windows,10,undefined,undefined,2048 x 1152,2048 x 972,https://exponline.ugr.es/publix/939/997/start?srid=18438,5ceef0e84f74e10001809db1,23,30,United States,Male,Right-handed,Exp,dot_recog,e,1,1,,,,
162,811,"<div class=""InstrBx""><div class=""img-container""><img src=""stim/parking_meter_mooney_dot_off6.jpg"" style=""width: 500px; height: ""500px; transform: ; ""></img></div></div>",73,163,4,dot,parking_meter,parking_meter_mooney_dot_off6,target,regular,post,off,0skdn6l7m6uh0fx,html-keyboard-response,791,795830,0.0-11.0-5.162-1.162,Firefox,137.0,Windows,10,undefined,undefined,2048 x 1152,2048 x 972,https://exponline.ugr.es/publix/939/997/start?srid=18438,5ceef0e84f74e10001809db1,23,30,United States,Male,Right-handed,Exp,dot_recog,i,0,1,,,,
163,1812,"<div class=""InstrBx""><div class=""img-container""><img src=""stim/bat2_mooney_dot_off6.jpg"" style=""width: 500px; height: ""500px; transform: ; ""></img></div></div>",73,164,4,dot,bat2,bat2_mooney_dot_off6,target,horizontal_flip,post,off,0skdn6l7m6uh0fx,html-keyboard-response,795,798662,0.0-11.0-5.163-1.163,Firefox,137.0,Windows,10,undefined,undefined,2048 x 1152,2048 x 972,https://exponline.ugr.es/publix/939/997/start?srid=18438,5ceef0e84f74e10001809db1,23,30,United States,Male,Right-handed,Exp,dot_recog,i,0,1,,,,
164,669,"<div class=""InstrBx""><div class=""img-container""><img src=""stim/drill_mooney_dot_on5.jpg"" style=""width: 500px; height: ""500px; transform: scaleY(-1) ; ""></img></div></div>",69,165,4,dot,drill,drill_mooney_dot_on5,target,upside_down,post,on,0skdn6l7m6uh0fx,html-keyboard-response,799,800358,0.0-11.0-5.164-1.164,Firefox,137.0,Windows,10,undefined,undefined,2048 x 1152,2048 x 972,https://exponline.ugr.es/publix/939/997/start?srid=18438,5ceef0e84f74e10001809db1,23,30,United States,Male,Right-handed,Exp,dot_recog,e,1,1,,,,
165,774,"<div class=""InstrBx""><div class=""img-container""><img src=""stim/aloe_mooney_dot_off4.jpg"" style=""width: 500px; height: ""500px; transform: ; ""></img></div></div>",69,166,4,dot,aloe,aloe_mooney_dot_off4,target,horizontal_flip,pre,off,0skdn6l7m6uh0fx,html-keyboard-response,803,802150,0.0-11.0-5.165-1.165,Firefox,137.0,Windows,10,undefined,undefined,2048 x 1152,2048 x 972,https://exponline.ugr.es/publix/939/997/start?srid=18438,5ceef0e84f74e10001809db1,23,30,United States,Male,Right-handed,Exp,dot_recog,e,1,0,,,,
166,1435,"<div class=""InstrBx""><div class=""img-container""><img src=""stim/ginger_mooney_dot_off2.jpg"" style=""width: 500px; height: ""500px; transform: scaleY(-1) ; ""></img></div></div>",73,167,4,dot,ginger,ginger_mooney_dot_off2,target,upside_down,pre,off,0skdn6l7m6uh0fx,html-keyboard-response,807,804607,0.0-11.0-5.166-1.166,Firefox,137.0,Windows,10,undefined,undefined,2048 x 1152,2048 x 972,https://exponline.ugr.es/publix/939/997/start?srid=18438,5ceef0e84f74e10001809db1,23,30,United States,Male,Right-handed,Exp,dot_recog,i,0,1,,,,
167,2056,"<div class=""InstrBx""><div class=""img-container""><img src=""stim/drill_mooney_dot_on7.jpg"" style=""width: 500px; height: ""500px; transform: scaleY(-1) ; ""></img></div></div>",69,168,4,dot,drill,drill_mooney_dot_on7,target,upside_down,post,on,0skdn6l7m6uh0fx,html-keyboard-response,811,807679,0.0-11.0-5.167-1.167,Firefox,137.0,Windows,10,undefined,undefined,2048 x 1152,2048 x 972,https://exponline.ugr.es/publix/939/997/start?srid=18438,5ceef0e84f74e10001809db1,23,30,United States,Male,Right-handed,Exp,dot_recog,e,1,1,,,,
168,597,"<div class=""InstrBx""><div class=""img-container""><img src=""stim/bat2_mooney_dot_on5.jpg"" style=""width: 500px; height: ""500px; transform: ; ""></img></div></div>",69,169,4,dot,bat2,bat2_mooney_dot_on5,target,horizontal_flip,post,on,0skdn6l7m6uh0fx,html-keyboard-response,815,809295,0.0-11.0-5.168-1.168,Firefox,137.0,Windows,10,undefined,undefined,2048 x 1152,2048 x 972,https://exponline.ugr.es/publix/939/997/start?srid=18438,5ceef0e84f74e10001809db1,23,30,United States,Male,Right-handed,Exp,dot_recog,e,1,1,,,,
169,1271,"<div class=""InstrBx""><div class=""img-container""><img src=""stim/ginger_mooney_dot_off4.jpg"" style=""width: 500px; height: ""500px; transform: scaleY(-1) ; ""></img></div></div>",73,170,4,dot,ginger,ginger_mooney_dot_off4,target,upside_down,pre,off,0skdn6l7m6uh0fx,html-keyboard-response,819,811583,0.0-11.0-5.169-1.169,Firefox,137.0,Windows,10,undefined,undefined,2048 x 1152,2048 x 972,https://exponline.ugr.es/publix/939/997/start?srid=18438,5ceef0e84f74e10001809db1,23,30,United States,Male,Right-handed,Exp,dot_recog,i,0,1,,,,
170,698,"<div class=""InstrBx""><div class=""img-container""><img src=""stim/aloe_mooney_dot_on1.jpg"" style=""width: 500px; height: ""500px; transform: ; ""></img></div></div>",69,171,4,dot,aloe,aloe_mooney_dot_on1,target,horizontal_flip,pre,on,0skdn6l7m6uh0fx,html-keyboard-response,823,813304,0.0-11.0-5.170-1.170,Firefox,137.0,Windows,10,undefined,undefined,2048 x 1152,2048 x 972,https://exponline.ugr.es/publix/939/997/start?srid=18438,5ceef0e84f74e10001809db1,23,30,United States,Male,Right-handed,Exp,dot_recog,e,1,1,,,,
171,,,,172,4,recognition,surfboard,surfboard_mooney,target,regular,pre,null,0skdn6l7m6uh0fx,survey-text-autocomplete,831,822347,0.0-11.0-6.171-4.171,Firefox,137.0,Windows,10,undefined,undefined,2048 x 1152,2048 x 972,https://exponline.ugr.es/publix/939/997/start?srid=18438,5ceef0e84f74e10001809db1,23,30,United States,Male,Right-handed,Exp,Recognition,,,,"{""recognition"":""coffin""}",coffin,0.8084881110745157,0.0
172,,,,173,4,recognition,aloe,aloe_mooney,target,horizontal_flip,pre,null,0skdn6l7m6uh0fx,survey-text-autocomplete,838,828844,0.0-11.0-6.172-4.172,Firefox,137.0,Windows,10,undefined,undefined,2048 x 1152,2048 x 972,https://exponline.ugr.es/publix/939/997/start?srid=18438,5ceef0e84f74e10001809db1,23,30,United States,Male,Right-handed,Exp,Recognition,,,,"{""recognition"":""propeller""}",propeller,0.7792108406277555,0.0
173,,,,174,4,recognition,drill,drill_mooney,target,upside_down,post,null,0skdn6l7m6uh0fx,survey-text-autocomplete,845,835602,0.0-11.0-6.173-4.173,Firefox,137.0,Windows,10,undefined,undefined,2048 x 1152,2048 x 972,https://exponline.ugr.es/publix/939/997/start?srid=18438,5ceef0e84f74e10001809db1,23,30,United States,Male,Right-handed,Exp,Recognition,,,,"{""recognition"":""table""}",table,0.7022347326837529,0.0
174,,,,175,4,recognition,ginger,ginger_mooney,target,upside_down,pre,null,0skdn6l7m6uh0fx,survey-text-autocomplete,852,840857,0.0-11.0-6.174-4.174,Firefox,137.0,Windows,10,undefined,undefined,2048 x 1152,2048 x 972,https://exponline.ugr.es/publix/939/997/start?srid=18438,5ceef0e84f74e10001809db1,23,30,United States,Male,Right-handed,Exp,Recognition,,,,"{""recognition"":""rock""}",rock,0.7443335511114154,0.0
175,,,,176,4,recognition,parking_meter,parking_meter_mooney,target,regular,post,null,0skdn6l7m6uh0fx,survey-text-autocomplete,859,846536,0.0-11.0-6.175-4.175,Firefox,137.0,Windows,10,undefined,undefined,2048 x 1152,2048 x 972,https://exponline.ugr.es/publix/939/997/start?srid=18438,5ceef0e84f74e10001809db1,23,30,United States,Male,Right-handed,Exp,Recognition,,,,"{""recognition"":""phone booth""}",phone_booth,0.5459345682803365,0.0
176,,,,177,4,recognition,bat2,bat2_mooney,target,horizontal_flip,post,null,0skdn6l7m6uh0fx,survey-text-autocomplete,866,854439,0.0-11.0-6.176-4.176,Firefox,137.0,Windows,10,undefined,undefined,2048 x 1152,2048 x 972,https://exponline.ugr.es/publix/939/997/start?srid=18438,5ceef0e84f74e10001809db1,23,30,United States,Male,Right-handed,Exp,Recognition,,,,"{""recognition"":""bat (sports)""}",bat2,0.0,1.0
177,,,,178,4,recognition,ginger,ginger,target,upside_down,color,null,0skdn6l7m6uh0fx,survey-text-autocomplete,873,860670,0.0-11.0-6.177-4.177,Firefox,137.0,Windows,10,undefined,undefined,2048 x 1152,2048 x 972,https://exponline.ugr.es/publix/939/997/start?srid=18438,5ceef0e84f74e10001809db1,23,30,United States,Male,Right-handed,Exp,Recognition,,,,"{""recognition"":""potato""}",potato,0.36307710342182997,0.0
178,,,,179,4,recognition,surfboard,surfboard,target,regular,color,null,0skdn6l7m6uh0fx,survey-text-autocomplete,880,865787,0.0-11.0-6.178-4.178,Firefox,137.0,Windows,10,undefined,undefined,2048 x 1152,2048 x 972,https://exponline.ugr.es/publix/939/997/start?srid=18438,5ceef0e84f74e10001809db1,23,30,United States,Male,Right-handed,Exp,Recognition,,,,"{""recognition"":""canoe""}",canoe,0.4875704078914478,0.0
179,,,,180,4,recognition,aloe,aloe,target,horizontal_flip,color,null,0skdn6l7m6uh0fx,survey-text-autocomplete,887,871163,0.0-11.0-6.179-4.179,Firefox,137.0,Windows,10,undefined,undefined,2048 x 1152,2048 x 972,https://exponline.ugr.es/publix/939/997/start?srid=18438,5ceef0e84f74e10001809db1,23,30,United States,Male,Right-handed,Exp,Recognition,,,,"{""recognition"":""aloe""}",aloe,0.0,1.0
180,1154,"<div class=""InstrBx""><div class=""img-container""><img src=""stim/surfboard_mooney_dot_on7.jpg"" style=""width: 500px; height: ""500px; transform: ; ""></img></div></div>",69,181,5,dot,surfboard,surfboard_mooney_dot_on7,target,regular,post,on,0skdn6l7m6uh0fx,html-keyboard-response,893,876742,0.0-11.0-5.180-1.180,Firefox,137.0,Windows,10,undefined,undefined,2048 x 1152,2048 x 972,https://exponline.ugr.es/publix/939/997/start?srid=18438,5ceef0e84f74e10001809db1,23,30,United States,Male,Right-handed,Exp,dot_recog,e,1,1,,,,
181,2351,"<div class=""InstrBx""><div class=""img-container""><img src=""stim/ginger_mooney_dot_on7.jpg"" style=""width: 500px; height: ""500px; transform: scaleY(-1) ; ""></img></div></div>",69,182,5,dot,ginger,ginger_mooney_dot_on7,target,upside_down,post,on,0skdn6l7m6uh0fx,html-keyboard-response,897,880119,0.0-11.0-5.181-1.181,Firefox,137.0,Windows,10,undefined,undefined,2048 x 1152,2048 x 972,https://exponline.ugr.es/publix/939/997/start?srid=18438,5ceef0e84f74e10001809db1,23,30,United States,Male,Right-handed,Exp,dot_recog,e,1,1,,,,
182,1300,"<div class=""InstrBx""><div class=""img-container""><img src=""stim/surfboard_mooney_dot_on5.jpg"" style=""width: 500px; height: ""500px; transform: ; ""></img></div></div>",69,183,5,dot,surfboard,surfboard_mooney_dot_on5,target,regular,post,on,0skdn6l7m6uh0fx,html-keyboard-response,901,882448,0.0-11.0-5.182-1.182,Firefox,137.0,Windows,10,undefined,undefined,2048 x 1152,2048 x 972,https://exponline.ugr.es/publix/939/997/start?srid=18438,5ceef0e84f74e10001809db1,23,30,United States,Male,Right-handed,Exp,dot_recog,e,1,1,,,,
183,1089,"<div class=""InstrBx""><div class=""img-container""><img src=""stim/ginger_mooney_dot_on5.jpg"" style=""width: 500px; height: ""500px; transform: scaleY(-1) ; ""></img></div></div>",69,184,5,dot,ginger,ginger_mooney_dot_on5,target,upside_down,post,on,0skdn6l7m6uh0fx,html-keyboard-response,905,884559,0.0-11.0-5.183-1.183,Firefox,137.0,Windows,10,undefined,undefined,2048 x 1152,2048 x 972,https://exponline.ugr.es/publix/939/997/start?srid=18438,5ceef0e84f74e10001809db1,23,30,United States,Male,Right-handed,Exp,dot_recog,e,1,1,,,,
184,1645,"<div class=""InstrBx""><div class=""img-container""><img src=""stim/aloe_mooney_dot_off6.jpg"" style=""width: 500px; height: ""500px; transform: ; ""></img></div></div>",73,185,5,dot,aloe,aloe_mooney_dot_off6,target,horizontal_flip,post,off,0skdn6l7m6uh0fx,html-keyboard-response,909,887224,0.0-11.0-5.184-1.184,Firefox,137.0,Windows,10,undefined,undefined,2048 x 1152,2048 x 972,https://exponline.ugr.es/publix/939/997/start?srid=18438,5ceef0e84f74e10001809db1,23,30,United States,Male,Right-handed,Exp,dot_recog,i,0,1,,,,
185,1186,"<div class=""InstrBx""><div class=""img-container""><img src=""stim/ginger_mooney_dot_off8.jpg"" style=""width: 500px; height: ""500px; transform: scaleY(-1) ; ""></img></div></div>",73,186,5,dot,ginger,ginger_mooney_dot_off8,target,upside_down,post,off,0skdn6l7m6uh0fx,html-keyboard-response,913,889431,0.0-11.0-5.185-1.185,Firefox,137.0,Windows,10,undefined,undefined,2048 x 1152,2048 x 972,https://exponline.ugr.es/publix/939/997/start?srid=18438,5ceef0e84f74e10001809db1,23,30,United States,Male,Right-handed,Exp,dot_recog,i,0,1,,,,
186,759,"<div class=""InstrBx""><div class=""img-container""><img src=""stim/surfboard_mooney_dot_off8.jpg"" style=""width: 500px; height: ""500px; transform: ; ""></img></div></div>",73,187,5,dot,surfboard,surfboard_mooney_dot_off8,target,regular,post,off,0skdn6l7m6uh0fx,html-keyboard-response,917,891216,0.0-11.0-5.186-1.186,Firefox,137.0,Windows,10,undefined,undefined,2048 x 1152,2048 x 972,https://exponline.ugr.es/publix/939/997/start?srid=18438,5ceef0e84f74e10001809db1,23,30,United States,Male,Right-handed,Exp,dot_recog,i,0,1,,,,
187,856,"<div class=""InstrBx""><div class=""img-container""><img src=""stim/aloe_mooney_dot_on5.jpg"" style=""width: 500px; height: ""500px; transform: ; ""></img></div></div>",69,188,5,dot,aloe,aloe_mooney_dot_on5,target,horizontal_flip,post,on,0skdn6l7m6uh0fx,html-keyboard-response,921,893096,0.0-11.0-5.187-1.187,Firefox,137.0,Windows,10,undefined,undefined,2048 x 1152,2048 x 972,https://exponline.ugr.es/publix/939/997/start?srid=18438,5ceef0e84f74e10001809db1,23,30,United States,Male,Right-handed,Exp,dot_recog,e,1,1,,,,
188,702,"<div class=""InstrBx""><div class=""img-container""><img src=""stim/surfboard_mooney_dot_off6.jpg"" style=""width: 500px; height: ""500px; transform: ; ""></img></div></div>",73,189,5,dot,surfboard,surfboard_mooney_dot_off6,target,regular,post,off,0skdn6l7m6uh0fx,html-keyboard-response,925,894817,0.0-11.0-5.188-1.188,Firefox,137.0,Windows,10,undefined,undefined,2048 x 1152,2048 x 972,https://exponline.ugr.es/publix/939/997/start?srid=18438,5ceef0e84f74e10001809db1,23,30,United States,Male,Right-handed,Exp,dot_recog,i,0,1,,,,
189,847,"<div class=""InstrBx""><div class=""img-container""><img src=""stim/aloe_mooney_dot_on7.jpg"" style=""width: 500px; height: ""500px; transform: ; ""></img></div></div>",69,190,5,dot,aloe,aloe_mooney_dot_on7,target,horizontal_flip,post,on,0skdn6l7m6uh0fx,html-keyboard-response,929,896681,0.0-11.0-5.189-1.189,Firefox,137.0,Windows,10,undefined,undefined,2048 x 1152,2048 x 972,https://exponline.ugr.es/publix/939/997/start?srid=18438,5ceef0e84f74e10001809db1,23,30,United States,Male,Right-handed,Exp,dot_recog,e,1,1,,,,
190,1679,"<div class=""InstrBx""><div class=""img-container""><img src=""stim/ginger_mooney_dot_off6.jpg"" style=""width: 500px; height: ""500px; transform: scaleY(-1) ; ""></img></div></div>",73,191,5,dot,ginger,ginger_mooney_dot_off6,target,upside_down,post,off,0skdn6l7m6uh0fx,html-keyboard-response,933,899529,0.0-11.0-5.190-1.190,Firefox,137.0,Windows,10,undefined,undefined,2048 x 1152,2048 x 972,https://exponline.ugr.es/publix/939/997/start?srid=18438,5ceef0e84f74e10001809db1,23,30,United States,Male,Right-handed,Exp,dot_recog,i,0,1,,,,
191,734,"<div class=""InstrBx""><div class=""img-container""><img src=""stim/aloe_mooney_dot_off8.jpg"" style=""width: 500px; height: ""500px; transform: ; ""></img></div></div>",69,192,5,dot,aloe,aloe_mooney_dot_off8,target,horizontal_flip,post,off,0skdn6l7m6uh0fx,html-keyboard-response,937,901281,0.0-11.0-5.191-1.191,Firefox,137.0,Windows,10,undefined,undefined,2048 x 1152,2048 x 972,https://exponline.ugr.es/publix/939/997/start?srid=18438,5ceef0e84f74e10001809db1,23,30,United States,Male,Right-handed,Exp,dot_recog,e,1,0,,,,
192,,,,193,5,recognition,ginger,ginger_mooney,target,upside_down,post,null,0skdn6l7m6uh0fx,survey-text-autocomplete,945,909315,0.0-11.0-6.192-4.192,Firefox,137.0,Windows,10,undefined,undefined,2048 x 1152,2048 x 972,https://exponline.ugr.es/publix/939/997/start?srid=18438,5ceef0e84f74e10001809db1,23,30,United States,Male,Right-handed,Exp,Recognition,,,,"{""recognition"":""potato""}",potato,0.36307710342182997,0.0
193,,,,194,5,recognition,surfboard,surfboard_mooney,target,regular,post,null,0skdn6l7m6uh0fx,survey-text-autocomplete,952,913935,0.0-11.0-6.193-4.193,Firefox,137.0,Windows,10,undefined,undefined,2048 x 1152,2048 x 972,https://exponline.ugr.es/publix/939/997/start?srid=18438,5ceef0e84f74e10001809db1,23,30,United States,Male,Right-handed,Exp,Recognition,,,,"{""recognition"":""canoe""}",canoe,0.4875704078914478,0.0
194,,,,195,5,recognition,aloe,aloe_mooney,target,horizontal_flip,post,null,0skdn6l7m6uh0fx,survey-text-autocomplete,959,917932,0.0-11.0-6.194-4.194,Firefox,137.0,Windows,10,undefined,undefined,2048 x 1152,2048 x 972,https://exponline.ugr.es/publix/939/997/start?srid=18438,5ceef0e84f74e10001809db1,23,30,United States,Male,Right-handed,Exp,Recognition,,,,"{""recognition"":""aloe""}",aloe,0.0,1.0
